TOYOTA Corolla 2.0 D4D HATCHB TERRA 2/3-Doors,15374.015446546475
TOYOTA Corolla 2.0 D4D HATCHB TERRA 2/3-Doors,15224.794114736766
TOYOTA Corolla 2.0 D4D HATCHB SOL 2/3-Doors,15118.355293873534
TOYOTA Corolla 2.0 D4D 90 3DR TERRA 2/3-Doors,18547.948770354633
TOYOTA Corolla 2.0 D4D 90 3DR TERRA 2/3-Doors,19421.911700313252
TOYOTA Corolla 1800 T SPORT VVT I 2/3-Doors,19891.876455673875
TOYOTA Corolla 1.9 D HATCHB TERRA 2/3-Doors,17731.37482582512
TOYOTA Corolla 1.8 16V VVTLI 3DR T SPORT BNS 2/3-Doors,21054.613135622345
TOYOTA Corolla 1.8 16V VVTLI 3DR T SPORT 2/3-Doors,18037.924582653864
TOYOTA Corolla 1.6 16v L.SOL 2/3-Doors,16705.081499398086
TOYOTA Corolla 1.6 16V VVT I 3DR SOL 2/3-Doors,17706.179038800237
TOYOTA Corolla 1.6 16V VVT I 3DR SOL 2/3-Doors,17176.028386862683
TOYOTA Corolla 1.4 16V VVT I 3DR TERRA COMFORT 2/3-Doors,15948.128649350341
TOYOTA Corolla 1.4 16V VVT I 3DR TERRA COMFORT 2/3-Doors,15329.96676677262
TOYOTA Corolla 1.4 16V VVT I 3DR 2/3-Doors,15567.661861200362
TOYOTA Corolla 2.0 D4D 90 5DR TERRA COMFORT 4/5-Doors,15934.513912990105
TOYOTA Corolla 2.0 D4D 90 5DR SOL 4/5-Doors,17133.542029622826
TOYOTA Corolla 1.8 16V VVTLI 5DR T SPORT 4/5-Doors,17367.743102128745
TOYOTA Corolla 2.0 D4D 90 5DR TERRA COMFORT 4/5-Doors,16243.252549456294
TOYOTA Corolla 1.4 16V VVT I 5DR TERRA COMFORT 4/5-Doors,15144.349842885187
TOYOTA Corolla 1.4 16V VVT I 5DR TERRA COMFORT 4/5-Doors,15335.168141980805
TOYOTA Corolla 2.0 D4D 110 5DR SOL 4/5-Doors,18543.83243857733
TOYOTA Corolla 1.4 16V VVT I LIFTB TERRA 4/5-Doors,15383.91272438847
TOYOTA Corolla 1.4 16V VVT I 5DR 4/5-Doors,14809.199067217818
TOYOTA Corolla 1.6 16V VVT I 5DR SOL 4/5-Doors,17336.04610153173
TOYOTA Corolla 1.4 16V VVT I 5DR TERRA 4/5-Doors,15465.455748129141
TOYOTA Corolla 1.6 16V VVT I 5DR TERRA 4/5-Doors,16184.189439058746
TOYOTA Corolla 1.4 16V VVT I 5DR 4/5-Doors,15183.23093905732
TOYOTA Corolla 2.0 D4D 110 3DR SOL 2/3-Doors,18978.176995266454
TOYOTA Corolla 2.0 D4D Linea Sol 3 Doors 2/3-Doors,18973.28806707997
TOYOTA Corolla 1.4 VVT-i Sol 2/3-Doors,16883.657876778776
TOYOTA Corolla 1.4 16V VVT I 3DR 2/3-Doors,17505.50834211065
TOYOTA Corolla VERSO 2.0 D4D SOL (7) BNS MPV,25861.164413407303
TOYOTA Corolla VERSO 2.0 D4D SOL (7) MPV,25843.49624671209
TOYOTA Corolla 2.0 D4D 110 5DR EXEC BNS 4/5-Doors,22704.98209534583
TOYOTA Corolla 1.6 16V VVT I 5DR TERRA COMFORT 4/5-Doors,16081.667601264146
TOYOTA Corolla 1.6 16V VVT I 5DR SOL 4/5-Doors,18455.073294756527
TOYOTA Corolla 1.6i 16V VVT I SOL + Navigatie 4/5-Doors,18057.201598672866
TOYOTA Corolla 1.6 16V VVT I SEDAN TERRA COMF 4/5-Doors,16946.266987509356
TOYOTA Corolla 1.4 16V VVT I 5DR TERRA 4/5-Doors,16911.571321089676
TOYOTA Corolla 1.6 16V VVT I 5DR TERRA COMFORT 4/5-Doors,17858.93340579165
TOYOTA Corolla 1.4 16V VVT I SEDAN TERRA COMF 4/5-Doors,17595.596904179285
TOYOTA Corolla 1.6 16V VVT I 5DR TERRA COMFORT 4/5-Doors,17912.81448244522
TOYOTA Corolla 1.6 16V VVT I SEDAN SOL 4/5-Doors,19249.171571565585
TOYOTA Corolla 1.6-16v VVT-i Linea Terra Comfort AIRCO NIEUW 5DRS 4/5-Doors,17837.22678757993
TOYOTA Corolla 1.4 16V VVT I 5DR LUNA 4/5-Doors,19632.00831433306
TOYOTA Corolla 1.6 16V VVT I 5DR TERRA COMFORT 4/5-Doors,19868.091704481903
TOYOTA Corolla 1.6 16V VVT I 5DR EXEC 4/5-Doors,21909.810706345972
TOYOTA Corolla 1.6 VVT-I 5DR LINEA TERRA 4/5-Doors,19494.234753463432
TOYOTA Corolla 1.4 16V VVT I 5DR TERRA COMFORT 4/5-Doors,20538.67846725199
TOYOTA Corolla 1.4 16V 5DR TERRA 4/5-Doors,21150.862944030632
TOYOTA Corolla 1.6-16v VVT-i Linea Terra Comfort NIEUW AIRCO 5drs 4/5-Doors,20412.96382304222
TOYOTA Corolla 1.6 16V VVT I HATCHB TERRA 2/3-Doors,10216.807742194937
TOYOTA Corolla 1.9 D HATCHB TERRA 2/3-Doors,10549.872171431603
TOYOTA Corolla 1.8D 4/5-Doors,11421.357416066878
TOYOTA Corolla 1.6 16V VVT I LIFTB LUNA 4/5-Doors,11312.763675387223
TOYOTA Corolla 2.0 D4D LIFTB SOL 4/5-Doors,12086.49304579822
TOYOTA Corolla 1.6 16V VVT I LIFTB TERRA 4/5-Doors,12321.730803444465
TOYOTA Corolla 1.6 16V VVT I LIFTB LUNA 4/5-Doors,11747.006335708867
TOYOTA Corolla 1.6 16V VVT I LIFTB TERRA 4/5-Doors,11444.74463734013
TOYOTA Corolla 1.6 16V VVT I LIFTB SOL 4/5-Doors,11499.916231471465
TOYOTA Corolla 2.0 D4D LIFTB SOL 4/5-Doors,12503.616482187128
TOYOTA Corolla 1.9 D HATCHB TERRA 2/3-Doors,12237.645901096432
TOYOTA Corolla 1.4 16V VVT I HATCHB TERRA 2/3-Doors,11081.494662264302
TOYOTA Corolla 1.4 16V VVT I HATCHB TERRA 2/3-Doors,11094.756355183657
TOYOTA Corolla 1.6 16V VVT I LIFTB LUNA 4/5-Doors,12347.818093326074
TOYOTA Corolla 1.6 Terra LB 4/5-Doors,11104.630504931165
TOYOTA Corolla 1.6 16V VVT I LIFTB LUNA 4/5-Doors,12042.704861961918
TOYOTA Corolla 1.4 16V VVT I HATCHB TERRA 2/3-Doors,11596.944336377028
TOYOTA Corolla 1.6 16V VVT I HATCHB SOL 2/3-Doors,12002.303873743784
TOYOTA Corolla 1.6 16V VVT I LIFTB SOL AUT4 4/5-Doors,12481.222678327396
TOYOTA Corolla 1.6 VVT-i Linea Sol 4/5-Doors,11917.817372686994
TOYOTA Corolla 1.6 16V VVT I HATCHB SOL 2/3-Doors,11969.879909382948
TOYOTA Corolla 2.0 D4D HATCHB TERRA 2/3-Doors,13362.769484313956
TOYOTA Corolla 1.6 16V VVT I LIFTB LUNA 4/5-Doors,12320.122609428252
TOYOTA Corolla 1.6 16V VVT I LIFTB LUNA 4/5-Doors,12674.527618343303
TOYOTA Corolla 1.6 16V HATCHB LINEA TERRA 2/3-Doors,12467.659295313593
TOYOTA Corolla 1.6 16V VVT I LIFTB TERRA 4/5-Doors,12687.142367067958
TOYOTA Corolla 1.4 16V VVT I HATCHB TERRA 2/3-Doors,12332.169354778993
TOYOTA Corolla 1.4 16V VVT I HATCHB TERRA 2/3-Doors,11404.105122331479
TOYOTA Corolla 1.4 16V VVT I HATCHB TERRA 2/3-Doors,11409.208137634829
TOYOTA Corolla 1.6 16V VVT I LIFTB LUNA 4/5-Doors,12472.226823784076
TOYOTA Corolla 1.6 16V VVT I LIFTB SOL 4/5-Doors,12516.453073047394
TOYOTA Corolla 1.6 16V VVT I HATCHB TERRA 2/3-Doors,12108.214417301822
TOYOTA Corolla 1.6 16V VVT I WAGON TERRA Stationwagen,11968.122306270676
TOYOTA Corolla 1.6 16V VVT I SEDAN TERRA 4/5-Doors,12129.579917327306
TOYOTA Corolla 1.4 16V VVT I LIFTB LUNA 4/5-Doors,12746.410728996581
TOYOTA Corolla 1.6 16V VVT I LIFTB SOL 4/5-Doors,12921.918602320418
TOYOTA Corolla 1.6 16V HATCHB LINEA TERRA 2/3-Doors,11788.954233290533
TOYOTA Corolla 1.6 16V VVT I LIFTB SOL 4/5-Doors,13022.641540999126
TOYOTA Corolla 1.6 16V VVT I HATCHB SOL 2/3-Doors,12435.3104848646
TOYOTA Corolla 1.4 16V VVT I HATCHB TERRA 2/3-Doors,12269.449874516362
TOYOTA Corolla 1.4 16V VVT I LIFTB TERRA 4/5-Doors,12359.601730238037
TOYOTA Corolla 1.6 16V VVT I LIFTB LUNA 4/5-Doors,12707.776462109197
TOYOTA Corolla 1.4 16V VVT I HATCHB TERRA 2/3-Doors,11373.969272698005
TOYOTA Corolla 1.4 16V VVT I LIFTB LUNA 4/5-Doors,12188.158210561987
TOYOTA Corolla 1.6 VVTi Linea terra 4/5-Doors,12681.019259074392
TOYOTA Corolla 1.6 16V VVT I LIFTB LUNA 4/5-Doors,12385.987067214955
TOYOTA Corolla 1.4 16V VVT I HATCHB TERRA 2/3-Doors,11476.13185687976
TOYOTA Corolla 1.6 16V VVT I LIFTB TERRA 4/5-Doors,12304.197564501801
TOYOTA Corolla 1.6I LIFTBACK 4/5-Doors,12808.110246085202
TOYOTA Corolla 1.6 16V VVT I HATCHB TERRA 2/3-Doors,12943.365475605106
TOYOTA Corolla 1.6 16V VVT I LIFTB TERRA 4/5-Doors,12378.325294715336
TOYOTA Corolla 1.4 16V VVT I LIFTB LUNA 4/5-Doors,16094.644328430531
TOYOTA Corolla 1.6 16V VVT I LIFTB SOL 4/5-Doors,13458.302737575568
TOYOTA Corolla 1.6 16V VVT I HATCHB TERRA 2/3-Doors,12575.375930171356
TOYOTA Corolla 1.3 16V LIFTB LINEA TERRA 4/5-Doors,12582.184302433016
TOYOTA Corolla 1.6 16V VVT I LIFTB TERRA 4/5-Doors,13628.743454094087
TOYOTA Corolla 1.4 LB LINEA TERRA 4/5-Doors,13332.971302286887
TOYOTA Corolla 1.4 16V VVT I LIFTB LUNA 4/5-Doors,13140.78867441044
TOYOTA Corolla 1.9 D HATCHB SOL 2/3-Doors,9246.000959462848
TOYOTA Corolla 1.9 D WAGON TERRA Stationwagen,10044.000540442312
TOYOTA Corolla 1.6 16V VVT I WAGON TERRA Stationwagen,9341.329501884866
TOYOTA Corolla 2.0 D4D HATCHB TERRA 2/3-Doors,10422.72098665605
TOYOTA Corolla 1.6 16V VVT I SEDAN TERRA 4/5-Doors,10366.863632335071
TOYOTA Corolla 1.4 16V VVT I HATCHB TERRA 2/3-Doors,9813.41624603861
TOYOTA Corolla 2.0D 4/5-Doors,10255.746631846538
TOYOTA Corolla 1.4 16V VVT I LIFTB TERRA 4/5-Doors,10165.52440132365
TOYOTA Corolla 1.6 16V LIFTB LINEA LUNA 4/5-Doors,10826.789545679703
TOYOTA Corolla 1.4 16V VVT I LIFTB TERRA 4/5-Doors,10730.774155327274
TOYOTA Corolla 1.6 16V VVT I LIFTB SOL 4/5-Doors,10586.499287326551
TOYOTA Corolla 1.9 D LIFTB TERRA 4/5-Doors,10990.40856276482
TOYOTA Corolla 1.3 16V HATCHB LINEA TERRA 2/3-Doors,9629.190904317671
TOYOTA Corolla 1.4 16V VVT I HATCHB TERRA 2/3-Doors,9756.754368776828
TOYOTA Corolla 1.9 D LIFTB TERRA 4/5-Doors,10989.93438981938
TOYOTA Corolla LIFTBACK 1.4 VVT-i LINEA TERRA 4/5-Doors,10220.739818371396
TOYOTA Corolla 1.6 16V VVT I WAGON TERRA Stationwagen,10146.67327641579
TOYOTA Corolla 1.6 16V VVT I HATCHB TERRA 2/3-Doors,9987.587838522917
TOYOTA Corolla 1.6 16V VVT I WAGON TERRA Stationwagen,11110.514558151473
TOYOTA Corolla 1.6 16V VVT I HATCHB TERRA 2/3-Doors,10842.213421497416
TOYOTA Corolla 1.6 16V VVT I HATCHB TERRA AUT4 2/3-Doors,10613.337856956035
TOYOTA Corolla 1.4 VVT-i Linea Sol HB 2/3-Doors,10418.54032489666
TOYOTA Corolla 1.6 16V VVT I LIFTB TERRA 4/5-Doors,10658.84939768511
TOYOTA Corolla 1.6 16V VVT I LIFTB TERRA 4/5-Doors,9996.682380214686
TOYOTA Corolla 1.6 16V VVT I HATCHB TERRA 2/3-Doors,9749.83490763067
TOYOTA Corolla 1.6 16V VVT I LIFTB SOL 4/5-Doors,10957.96499841562
TOYOTA Corolla 1.6 16V VVT I SEDAN TERRA AUT4 4/5-Doors,10317.200500450568
TOYOTA Corolla 1.6 16V VVT I LIFTB SOL 4/5-Doors,10965.976171585366
TOYOTA Corolla 1.6 4/5-Doors,10069.897122771805
TOYOTA Corolla 1.6 16V VVT I SEDAN TERRA 4/5-Doors,10282.227472175804
TOYOTA Corolla 1.6 16V VVT I LIFTB SOL 4/5-Doors,10631.488952132957
TOYOTA Corolla 1.9 D Linea Terra 2/3-Doors,10337.382906615296
TOYOTA Corolla 1.6 16V VVT I HATCHB TERRA 2/3-Doors,10646.331702179385
TOYOTA Corolla 1.4 16V VVT I HATCHB TERRA 2/3-Doors,10148.836216929101
TOYOTA Corolla 1.6 16V WAGON LINEA LUNA Stationwagen,11169.768863743626
TOYOTA Corolla 1.6 16V VVT I HATCHB G6 4/5-Doors,10790.119236738263
TOYOTA Corolla 1.4 16V VVT I LIFTB TERRA 4/5-Doors,10878.866702005687
TOYOTA Corolla 1.4 16V VVT I HATCHB TERRA 2/3-Doors,10196.556902320099
TOYOTA Corolla 1.6 16V VVT I SEDAN TERRA 4/5-Doors,10714.298835042091
TOYOTA Corolla 1.6 SDN LINEA SOL 4/5-Doors,10803.954062740557
TOYOTA Corolla 1.6 16V HATCHB LINEA TERRA 2/3-Doors,10846.62706490358
TOYOTA Corolla 1.6 16V HATCHB S 2/3-Doors,11315.831359966587
TOYOTA Corolla 1.4 16V VVT I HATCHB TERRA 2/3-Doors,9943.996287876611
TOYOTA Corolla 1.6 VVTI Linea Sol Sedan 4/5-Doors,11247.627924271068
TOYOTA Corolla 1.6 16V VVT I LIFTB TERRA 4/5-Doors,10684.920453304283
TOYOTA Corolla 1.4 16V VVT I HATCHB TERRA 2/3-Doors,10325.191083338486
TOYOTA Corolla 1.4 HB LINEA TERRA 2/3-Doors,10802.625058331649
TOYOTA Corolla 1.4 16V VVT I HATCHB TERRA 2/3-Doors,10393.663615090181
TOYOTA Corolla 1.6 16V VVT I HATCHB G6 2/3-Doors,11027.075994150982
TOYOTA Corolla 1.4 16V VVT I HATCHB TERRA 2/3-Doors,10497.91157251103
TOYOTA Corolla 1.6 16V VVT I HATCHB G6 2/3-Doors,11555.989503981911
TOYOTA Corolla LIFTBACK 1.6 Linea terra 4/5-Doors,10531.154031292896
TOYOTA Corolla 1.6 16V VVT I WAGON TERRA Stationwagen,11238.68676947911
TOYOTA Corolla 1.3 16V HATCHB G6 2/3-Doors,11082.528277819389
TOYOTA Corolla 1.4 16V VVT I HATCHB SOL 2/3-Doors,11448.66982889946
TOYOTA Corolla 1.6 Hatchback 2/3-Doors,11049.692577045982
TOYOTA Corolla 1.6 16V VVT I HATCHB G6 4/5-Doors,11584.513583465641
TOYOTA Corolla 1.3 16V LIFTB G6 4/5-Doors,10920.252050902205
TOYOTA Corolla 1.4 16V VVT I HATCHB TERRA 2/3-Doors,10601.277910420786
TOYOTA Corolla 1.4 16V VVT I HATCHB TERRA 2/3-Doors,10632.089031479418
TOYOTA Corolla 1.6 16V VVT I LIFTB TERRA 4/5-Doors,11054.380854247665
TOYOTA Corolla 1.6 16V VVT I WAGON TERRA Stationwagen,11476.462886999787
TOYOTA Corolla 1.6 16V VVT I LIFTB TERRA 4/5-Doors,12017.561572102957
TOYOTA Corolla 1.6 16V HATCHB LINEA TERRA 2/3-Doors,11431.173538850373
TOYOTA Corolla 1.6 16V VVT I LIFTB SOL 4/5-Doors,12081.461538211372
TOYOTA Corolla 1.6 16V VVT I HATCHB G6 2/3-Doors,11968.168194987817
TOYOTA Corolla 1.4 16V VVT I LIFTB TERRA 4/5-Doors,11165.292247594678
TOYOTA Corolla 1.4 16V VVT I HATCHB TERRA 2/3-Doors,11509.020133346201
TOYOTA Corolla 1.4 16V VVT I HATCHB TERRA 2/3-Doors,11635.00532671715
TOYOTA Corolla 2.0 d HB Diesel 2/3-Doors,14749.507155112791
TOYOTA Corolla 1.3 16V SEDAN LINEA TERRA 4/5-Doors,7370.798087248838
TOYOTA Corolla 2.0 DSL SEDAN LINEA TERRA 4/5-Doors,8636.531779522313
TOYOTA Corolla 1.3 16V HATCHB LINEA TERRA 2/3-Doors,7801.3431749710635
TOYOTA Corolla 2.0 DSL HATCHB LINEA LUNA 2/3-Doors,8680.214239211322
TOYOTA Corolla 1.6 16V G6 2/3-Doors,8691.999695381752
TOYOTA Corolla 2.0 DSL HATCHB LINEA TERRA 2/3-Doors,8347.501804975054
TOYOTA Corolla 2.0 DSL HATCHB LINEA TERRA 2/3-Doors,8351.150926609635
TOYOTA Corolla 1.6 16V HATCHB S 2/3-Doors,8454.621299723185
TOYOTA Corolla 2.0D XL Sedan 4/5-Doors,8855.287753005992
TOYOTA Corolla 2.0 DSL SEDAN LINEA TERRA 4/5-Doors,8731.981149340563
TOYOTA Corolla 1.6 VVT-i Linea Terra Comfort 4/5-Doors,8607.731642028288
TOYOTA Corolla 1.6 16V HATCHB G6 2/3-Doors,9314.13687669334
TOYOTA Corolla 1.6 16V SEDAN LINEA TERRA AUT4 4/5-Doors,9041.079700190538
TOYOTA Corolla 1.6 16V SEDAN LINEA TERRA 4/5-Doors,8994.554391994283
TOYOTA Corolla 1.6 G6-R 2/3-Doors,9022.069369787303
TOYOTA Corolla 1.6 16V LIFTB LINEA LUNA 4/5-Doors,9493.638646919586
TOYOTA Corolla 1.6 16V LIFTB LINEA LUNA 4/5-Doors,9137.793303749566
TOYOTA Corolla 1.6 16V SEDAN LINEA TERRA 4/5-Doors,8759.185058194691
TOYOTA Corolla 1.3 16V LIFTB G6 4/5-Doors,8939.248001955073
TOYOTA Corolla 1.3 16V HATCHB LINEA LUNA 2/3-Doors,8880.733825817444
TOYOTA Corolla 1.3 16V HATCHB G6 2/3-Doors,8923.468820058995
TOYOTA Corolla 1.6 16V LIFTB LINEA LUNA 4/5-Doors,9206.386229527423
TOYOTA Corolla 2.0 LB LINEA TERRA D 4/5-Doors,9530.328293652521
TOYOTA Corolla 1.6 16V HATCHB G6 2/3-Doors,9159.421234125046
TOYOTA Corolla 1.3 Linea Terra sedan Comf. 4/5-Doors,8286.92768559814
TOYOTA Corolla 1.3 16V HATCHB LINEA TERRA 2/3-Doors,8753.20215514976
TOYOTA Corolla 1.6 16V HATCHB LINEA TERRA 2/3-Doors,8667.706303153842
TOYOTA Corolla 1.6 Linea Terra LB 4/5-Doors,9265.762667378407
TOYOTA Corolla 1.6-16v Linea Terra 2/3-Doors,8679.942853554663
TOYOTA Corolla 1.6 16V WAGON LINEA LUNA Stationwagen,9804.372645729843
TOYOTA Corolla 1.6 16V HATCHB LINEA TERRA 2/3-Doors,9525.736383792471
TOYOTA Corolla 2.0 DSL HATCHB LINEA TERRA 2/3-Doors,9170.10452430836
TOYOTA Corolla 1.6 16V HATCHB LINEA TERRA 2/3-Doors,8898.720817527419
TOYOTA Corolla 1.6 16V LIFTB LINEA LUNA 4/5-Doors,9437.861420270547
TOYOTA Corolla 1.6 Linea Luna Wagon Stationwagen,9458.972290073685
TOYOTA Corolla 1.6 16V SEDAN LINEA LUNA 4/5-Doors,9216.958164603435
TOYOTA Corolla 1.3 16V HATCHB LINEA TERRA 2/3-Doors,8866.49415473358
TOYOTA Corolla 1.3 16V LIFTB LINEA TERRA AUT3 4/5-Doors,9232.422522194303
TOYOTA Corolla 1.6 16V HATCHB LINEA TERRA 2/3-Doors,8955.849493735563
TOYOTA Corolla 1.6 Terra HB 2/3-Doors,9262.73076786448
TOYOTA Corolla 1.6 16V LIFTB LINEA LUNA 4/5-Doors,9447.81874434014
TOYOTA Corolla 1.3 16V HATCHB LINEA TERRA 2/3-Doors,8649.28862900861
TOYOTA Corolla 1.3 16V HATCHB LINEA TERRA 2/3-Doors,8660.253400507674
TOYOTA Corolla 1.6 HB LINEA TERRA 2/3-Doors,9313.63007717563
TOYOTA Corolla 1.6 16V HATCHB G6 2/3-Doors,9432.97944033871
TOYOTA Corolla 1.6 16V SEDAN LINEA TERRA 4/5-Doors,8765.565589839442
TOYOTA Corolla 1.3 HB LINEA TERRA 2/3-Doors,8623.61243102054
TOYOTA Corolla 2.0 D Linea luna Wagon Stationwagen,10087.143788455065
TOYOTA Corolla 1.6 16V LIFTB LINEA TERRA AUT4 4/5-Doors,9610.631529612163
TOYOTA Corolla 1.6 16V SEDAN LINEA TERRA 4/5-Doors,9151.848735123473
TOYOTA Corolla 1.3 16V Linea Terra 2/3-Doors,9015.137831901282
TOYOTA Corolla 1.3 16V HATCHB LINEA LUNA 2/3-Doors,9159.546085599619
TOYOTA Corolla 1.6 16V SEDAN LINEA TERRA 4/5-Doors,8819.11572481967
TOYOTA Corolla 1.3 16V HATCHB LINEA TERRA 2/3-Doors,9034.672722856041
TOYOTA Corolla 2.0 DSL HATCHB LINEA LUNA 2/3-Doors,9600.110564939709
TOYOTA Corolla 1.6 16V LIFTB LINEA LUNA 4/5-Doors,9581.777645727901
TOYOTA Corolla 1.6 16V HATCHB LINEA LUNA AUT4 2/3-Doors,9653.73676608318
TOYOTA Corolla 1.6 16V WAGON LINEA TERRA Stationwagen,10027.88665561673
TOYOTA Corolla 1.6 16V HATCHB LINEA TERRA 2/3-Doors,9777.349560663903
TOYOTA Corolla 1.6 16V HATCHB G6 2/3-Doors,9894.118372586147
TOYOTA Corolla 1.6 16V LIFTB LINEA TERRA 4/5-Doors,9646.215204158725
TOYOTA Corolla 1.3 16V HATCHB LINEA TERRA 2/3-Doors,8721.01202571374
TOYOTA Corolla 1.6 16V HATCHB G6 2/3-Doors,9563.226625422898
TOYOTA Corolla 1.6 16V HATCHB LINEA TERRA 2/3-Doors,8999.440402605589
TOYOTA Corolla 1.3 16V LIFTB LINEA TERRA 4/5-Doors,9248.843181236258
TOYOTA Corolla 1.6 16V LIFTB LINEA LUNA 4/5-Doors,9647.428496852808
TOYOTA Corolla 1.6 16v Linea Luna 2/3-Doors,9583.638644859493
TOYOTA Corolla 1.3 16V LIFTB LINEA TERRA 4/5-Doors,8994.374263758087
TOYOTA Corolla 1.6 16V HATCHB G6 R 2/3-Doors,8854.091515183001
TOYOTA Corolla 1.6 16V LIFTB LINEA TERRA 4/5-Doors,9538.959725603705
TOYOTA Corolla 1.3 16V HATCHB LINEA TERRA 2/3-Doors,9144.631491905351
TOYOTA Corolla 1.3 16V HATCHB LINEA TERRA AUT3 2/3-Doors,9025.040334592157
TOYOTA Corolla 1.6 16V HATCHB G6 2/3-Doors,9640.697775826995
TOYOTA Corolla 1.3 16V HATCHB S 2/3-Doors,9174.657511434863
TOYOTA Corolla 1.6 16V LIFTB LINEA TERRA 4/5-Doors,9230.977245942688
TOYOTA Corolla 1.6 16V LIFTB LINEA LUNA 4/5-Doors,9446.586761344672
TOYOTA Corolla LIFTBACK 1.6 Linea Sol 4/5-Doors,9458.9848951985
TOYOTA Corolla 1.3 16V LIFTB LINEA TERRA AUT3 4/5-Doors,9587.405979003477
TOYOTA Corolla 1.6 16V HATCHB LINEA TERRA 2/3-Doors,9489.282455057004
TOYOTA Corolla 1.6 16V HATCHB G6 R 2/3-Doors,8954.433325569415
TOYOTA Corolla 1.3 16V LIFTB LINEA TERRA 4/5-Doors,9098.267505193131
TOYOTA Corolla 1.3 16V HATCHB LINEA TERRA 2/3-Doors,8881.07707493286
TOYOTA Corolla 1.6 Linea Terra Comfort 4/5-Doors,9392.196931059454
TOYOTA Corolla 1.6 16V LIFTB LINEA LUNA 4/5-Doors,10165.670222425728
TOYOTA Corolla 1.3 16V HATCHB LINEA TERRA 2/3-Doors,8974.351239589905
TOYOTA Corolla 1.6 16V HATCHB LINEA TERRA 2/3-Doors,9517.775147379474
TOYOTA Corolla 1.6 VVTi Linea Luna Lift 4/5-Doors,9829.472824311162
TOYOTA Corolla 1.6 16V HATCHB LINEA TERRA 2/3-Doors,8911.876554646438
TOYOTA Corolla 1.6 16V LIFTB LINEA LUNA 4/5-Doors,9552.94924187081
TOYOTA Corolla 1.6 16V HATCHB S 2/3-Doors,9375.135762063224
TOYOTA Corolla 1.3 16V LIFTB LINEA TERRA 4/5-Doors,8825.51188566069
TOYOTA Corolla 1.3 16V HATCHB LINEA TERRA 2/3-Doors,8693.706561301571
TOYOTA Corolla 1.3 16V SEDAN LINEA TERRA 4/5-Doors,9218.92692862487
TOYOTA Corolla 1.3 16V LIFTB LINEA LUNA 4/5-Doors,9374.312775608583
TOYOTA Corolla 1.3 16V LIFTB G6 4/5-Doors,9668.693638688874
TOYOTA Corolla 1.6 16V LIFTB LINEA TERRA 4/5-Doors,9104.666807715788
TOYOTA Corolla 1.6 16V LIFTB LINEA LUNA 4/5-Doors,10273.301343587229
TOYOTA Corolla 1.6 16V HATCHB G6 2/3-Doors,9909.389644431856
TOYOTA Corolla 2/3-Doors,10045.99995269289
TOYOTA Corolla 1.6 16V HATCHB LINEA TERRA 2/3-Doors,9466.552369632329
TOYOTA Corolla 1.6 Linea Luna Aut. 4/5-Doors,9409.865482477066
TOYOTA Corolla 1.6 16V LIFTB LINEA TERRA 4/5-Doors,9826.371492070843
TOYOTA Corolla 1.6 16V LIFTB LINEA TERRA 4/5-Doors,10316.27600293326
TOYOTA Corolla 1.6 16V LIFTB LINEA LUNA 4/5-Doors,9692.408647232525
TOYOTA Corolla 1.6 16V WAGON LINEA TERRA Stationwagen,9959.417365085408
TOYOTA Corolla 1.3 16V LIFTB LINEA LUNA 4/5-Doors,9477.989883006261
TOYOTA Corolla 1.6 16V SEDAN LINEA TERRA 4/5-Doors,9820.345106404553
TOYOTA Corolla 1.6 GTSi HB 2/3-Doors,9137.577050551852
TOYOTA Corolla 1.6 Linea Terra Sedan 4/5-Doors,9676.594026263034
TOYOTA Corolla 1.3 16V HATCHB LINEA TERRA 2/3-Doors,9536.371033493277
TOYOTA Corolla 1.6 16V LIFTB LINEA TERRA 4/5-Doors,10064.795821517562
TOYOTA Corolla 1.6 16V LIFTB LINEA TERRA 4/5-Doors,9965.935446775276
TOYOTA Corolla 1.6 Lin.Terra Aut. 4/5-Doors,9917.778847394133
TOYOTA Corolla 1.6 SD TERRA 4/5-Doors,9349.997673217327
TOYOTA Corolla 1.6 LB Linea Terra 4/5-Doors,9653.190034187459
TOYOTA Corolla 1.3 16V HATCHB G6 2/3-Doors,10172.47103368379
TOYOTA Corolla 1.6 16V LIFTB LINEA LUNA 4/5-Doors,10277.610394938078
TOYOTA Corolla 1.6 16V WAGON LINEA TERRA Stationwagen,10196.047959676916
TOYOTA Corolla 1.6 16V HATCHB G6 R 2/3-Doors,10198.392391864192
TOYOTA Corolla 1.3 16V HATCHB S 2/3-Doors,9354.92449942317
TOYOTA Corolla 1.6 16V LIFTB LINEA LUNA 4/5-Doors,10306.16542451466
TOYOTA Corolla 1.6 SDN LINEA TERRA 4/5-Doors,9254.931918741953
TOYOTA Corolla 1.6 16V HATCHB LINEA TERRA 2/3-Doors,9663.862193031351
TOYOTA Corolla 1.6 16V LIFTB LINEA TERRA 4/5-Doors,10222.531079099192
TOYOTA Corolla 1.3 16V SEDAN LINEA TERRA AUT3 4/5-Doors,9972.777019706275
TOYOTA Corolla 2.0 DSL WAGON LINEA TERRA Stationwagen,7077.586263074135
TOYOTA Corolla 2.0D LINEA TERRA+airco 2/3-Doors,7257.762194747702
TOYOTA Corolla 2.0 DSL SEDAN LINEA TERRA 4/5-Doors,6914.208249551946
TOYOTA Corolla 2.0 DSL SEDAN LINEA TERRA 4/5-Doors,7481.998960830597
TOYOTA Corolla 2.0 DSL HATCHB LINEA TERRA 2/3-Doors,6927.216161397202
TOYOTA Corolla 1.3 16V HATCHB LINEA TERRA 2/3-Doors,6486.5265985727465
TOYOTA Corolla 1.6 16v Linea Terra 4/5-Doors,7700.081497548348
TOYOTA Corolla 2.0D Linea Terra 2/3-Doors,7542.822384107285
TOYOTA Corolla 2.0 DSL LIFTB LINEA LUNA 4/5-Doors,7911.537870305542
TOYOTA Corolla 1.6 16V HATCHB LINEA TERRA 2/3-Doors,7203.361321258761
TOYOTA Corolla 2.0 DSL LIFTB LINEA TERRA 4/5-Doors,7783.602118466355
TOYOTA Corolla 1.6 16V HATCHB LINEA TERRA 2/3-Doors,7327.9507249690105
TOYOTA Corolla 1.6 16V HATCHB LINEA TERRA 2/3-Doors,7028.7751686660795
TOYOTA Corolla 1.6 16V LIFTB LINEA TERRA 4/5-Doors,7161.074254208239
TOYOTA Corolla 1.6 16V SEDAN LINEA TERRA 4/5-Doors,7404.455770855586
TOYOTA Corolla 1.6 HATCHBACK 2/3-Doors,7099.428707071095
TOYOTA Corolla 1.6 16V LIFTB LINEA TERRA AUT4 4/5-Doors,8095.291916800767
TOYOTA Corolla 1.3 16V HATCHB S 2/3-Doors,6912.13237173316
TOYOTA Corolla 1.6 Linea Terra / Keuze uit 700 occasions 2/3-Doors,7600.203099725343
TOYOTA Corolla 1.3 16V HATCHB S 2/3-Doors,7236.234632486188
TOYOTA Corolla 1.6 16V SEDAN LINEA TERRA 4/5-Doors,7723.103353745051
TOYOTA Corolla 1.6 16V HATCHB S 2/3-Doors,7445.536138021404
TOYOTA Corolla 1.3 16V HATCHB LINEA TERRA 2/3-Doors,6978.435943133214
TOYOTA Corolla 1.6 16V HATCHB LINEA TERRA 2/3-Doors,7876.242923553122
TOYOTA Corolla 1.6 3D Terra/Comf. 2/3-Doors,7885.052537160058
TOYOTA Corolla 1.6 16V HATCHB S 2/3-Doors,7213.636668749431
TOYOTA Corolla 1.6 16V LIFTB LINEA LUNA AUT4 4/5-Doors,7841.731971472052
TOYOTA Corolla 1.6 16V LIFTB LINEA TERRA 4/5-Doors,7620.821279368723
TOYOTA Corolla 1.3 HB LINEA TERRA 2/3-Doors,7022.371436669985
TOYOTA Corolla 1.6 16V WAGON LINEA TERRA Stationwagen,7895.543610227521
TOYOTA Corolla 1.6 16v Liftback Linea Terra 4/5-Doors,8056.96585939372
TOYOTA Corolla 1.6 LINEA TERRA 4/5-Doors,7412.895028390665
TOYOTA Corolla 1.6 Linea Terra Sedan 4/5-Doors,7773.933570186519
TOYOTA Corolla 1.3 16V HATCHB LINEA TERRA 2/3-Doors,7323.980578702226
TOYOTA Corolla 1.3 16V HATCHB LINEA TERRA 2/3-Doors,7327.365182542814
TOYOTA Corolla 1.6 16V LIFTB LINEA TERRA 4/5-Doors,7690.966963510136
TOYOTA Corolla 1.6 16V HATCHB LINEA TERRA 2/3-Doors,7320.24501156739
TOYOTA Corolla 1.3 Linea Luna Hatchback 2/3-Doors,7154.868974520775
TOYOTA Corolla 1.3 16V HATCHB S 2/3-Doors,7373.932102555623
TOYOTA Corolla 1.3 16V HATCHB LINEA TERRA 2/3-Doors,7392.368428599115
TOYOTA Corolla 1.3 16V HATCHB LINEA TERRA AUT3 2/3-Doors,7923.160215638841
TOYOTA Corolla 1.3 16V HATCHB LINEA TERRA 2/3-Doors,7395.91500157076
TOYOTA Corolla 1.6 LB LINEA TERRA 4/5-Doors,8039.4014656476975
TOYOTA Corolla 1.6 16V LIFTB LINEA LUNA 4/5-Doors,8237.362501417167
TOYOTA Corolla 1.6 16V SEDAN LINEA TERRA 4/5-Doors,7892.452255492968
TOYOTA Corolla 1.3 16V HATCHB LINEA TERRA 2/3-Doors,7431.170894937929
TOYOTA Corolla 1.6 HB LINEA LUNA 2/3-Doors,8743.228976408325
TOYOTA Corolla 2.0 DSL LIFTB LINEA TERRA 4/5-Doors,8663.335696906122
TOYOTA Corolla 1.6 16V HATCHB LINEA TERRA 2/3-Doors,7430.398696984812
TOYOTA Corolla 1.6 16V LIFTB LINEA TERRA 4/5-Doors,7982.210203055422
TOYOTA Corolla 1.6 16V HATCHB LINEA LUNA 2/3-Doors,7897.165468324088
TOYOTA Corolla LIFTBACK 1.6 Linea Terra Liftback 4/5-Doors,8169.974648128866
TOYOTA Corolla 1.6 16V LIFTB LINEA TERRA 4/5-Doors,8269.618273808286
TOYOTA Corolla 1.6 Linea Luna 4/5-Doors,8052.363404147865
TOYOTA Corolla 1.6 16V LIFTB LINEA TERRA 4/5-Doors,8190.529935562263
TOYOTA Corolla 1.6 16V SEDAN LINEA TERRA 4/5-Doors,7409.938506088492
TOYOTA Corolla 1.3 HB LINEA TERRA 2/3-Doors,7299.401520727771
TOYOTA Corolla 1.3 16V HATCHB LINEA TERRA 2/3-Doors,7891.670650762245
TOYOTA Corolla 1.3 16V HATCHB LINEA TERRA 2/3-Doors,7310.048349100688
TOYOTA Corolla 1.3 16V SEDAN LINEA TERRA 4/5-Doors,7968.432989178028
TOYOTA Corolla 1.6 16V LIFTB LINEA TERRA 4/5-Doors,7948.078270400015
TOYOTA Corolla 1.6 16V HATCHB LINEA TERRA 2/3-Doors,7824.665152204661
TOYOTA Corolla 1.3 SDN LINEA TERRA AUT 4/5-Doors,7597.254950525799
TOYOTA Corolla 1.6 16V LIFTB LINEA TERRA 4/5-Doors,7965.704959768779
TOYOTA Corolla 1.6 16V LIFTB LINEA LUNA 4/5-Doors,8438.22891068726
TOYOTA Corolla 1.6 16V HATCHB LINEA TERRA 2/3-Doors,7843.869473789735
TOYOTA Corolla 1.6 16V LIFTB LINEA LUNA 4/5-Doors,8020.508589418467
TOYOTA Corolla 1.6 16V SEDAN LINEA TERRA 4/5-Doors,7759.975530402312
TOYOTA Corolla 1.6 16V HATCHB LINEA TERRA 2/3-Doors,8636.925029971206
TOYOTA Corolla 1.6 16V HATCHB LINEA TERRA 2/3-Doors,8295.62859497987
TOYOTA Corolla 1.6 VVTi Linea terra 2/3-Doors,8201.562135480493
TOYOTA Corolla 1.6 16V WAGON LINEA TERRA Stationwagen,8636.468864912496
TOYOTA Corolla 1.3 16V HATCHB LINEA TERRA AUT3 2/3-Doors,7943.944852785556
TOYOTA Corolla 1.6 16V LIFTB LINEA LUNA 4/5-Doors,8523.204241675441
TOYOTA Corolla 2.0 DSL HATCHB LINEA TERRA 2/3-Doors,8790.667248943464
TOYOTA Corolla 1.6 16V LIFTB LINEA LUNA 4/5-Doors,8526.753211933565
TOYOTA Corolla 1.6 16V LIFTB LINEA LUNA 4/5-Doors,8599.26983327324
TOYOTA Corolla 1.3 16V HATCHB LINEA TERRA 2/3-Doors,7766.3518251566065
TOYOTA Corolla 1.6 16V HATCHB LINEA LUNA 2/3-Doors,7997.472561446986
TOYOTA Corolla 1.6 16V SEDAN LINEA TERRA 4/5-Doors,8033.221210741997
TOYOTA Corolla Hatchback 1.6 Terra Comfort 2/3-Doors,7709.714945046458
TOYOTA Corolla 1.6 16V SEDAN LINEA TERRA 4/5-Doors,8649.512776086813
TOYOTA Corolla 1.6 16V HATCHB LINEA TERRA 2/3-Doors,8054.349203375729
TOYOTA Corolla 1.6 16V LIFTB LINEA LUNA 4/5-Doors,8944.13943577131
TOYOTA Corolla 1.6 16V LIFTB LINEA TERRA 4/5-Doors,8297.927731802643
TOYOTA Corolla 1.6 16V SEDAN LINEA TERRA 4/5-Doors,8234.761272398771
TOYOTA Corolla 1.6 16V LIFTB LINEA LUNA 4/5-Doors,8523.207897981994
TOYOTA Corolla 1.6 LB LINEA LUNA 4/5-Doors,9846.813253543332
TOYOTA Corolla 1.6 16V HATCHB LINEA TERRA 2/3-Doors,7759.285586972198
TOYOTA Corolla 1.6 16V WAGON LINEA TERRA Stationwagen,8608.374052784906
TOYOTA Corolla 1.3 16V HATCHB LINEA TERRA 2/3-Doors,7549.299075169644
TOYOTA Corolla 1.3 16V SEDAN LINEA TERRA AUT3 4/5-Doors,8247.904744356278
TOYOTA Corolla 1.3 16V WAGON LINEA TERRA Stationwagen,7796.399419556434
TOYOTA Corolla 1.3 16V HATCHB G6 2/3-Doors,7896.800139452495
TOYOTA Corolla 1.6 16V LIFTB LINEA LUNA 4/5-Doors,9053.096873706021
TOYOTA Corolla 1.6 LB LINEA TERRA 4/5-Doors,8566.608689026318
TOYOTA Corolla 1.6 16V HATCHB LINEA TERRA 2/3-Doors,7881.479700969107
TOYOTA Corolla 1.3 16V SEDAN LINEA TERRA 4/5-Doors,7805.224569940775
TOYOTA Corolla 1.3 16V LIFTB LINEA TERRA 4/5-Doors,7815.862282747627
TOYOTA Corolla LIFTBACK 1.3i Linea Terra Liftback 4/5-Doors,8105.3413412121745
TOYOTA Corolla LIFTBACK 1.6 Linea terra 4/5-Doors,8079.695495242652
TOYOTA Corolla 1.6 16V HATCHB LINEA TERRA 2/3-Doors,8422.635594732894
TOYOTA Corolla 1.3 16V LIFTB LINEA TERRA 4/5-Doors,8224.000335542472
TOYOTA Corolla 1.6 GL LB 4/5-Doors,8605.407135080895
TOYOTA Corolla 1.3 16V SEDAN LINEA TERRA 4/5-Doors,7680.345099289861
TOYOTA Corolla 1.6 16V HATCHB LINEA TERRA 2/3-Doors,8645.548817406441
TOYOTA Corolla 1.6 LB 4/5-Doors,8506.994140923376
TOYOTA Corolla 1.6 Lin.Terra Aut. 2/3-Doors,9267.424803129623
TOYOTA Corolla 1.3 16V HATCHB LINEA TERRA 2/3-Doors,8128.163386452043
TOYOTA Corolla 1.3 Linea Terra 4/5-Doors,9148.745284002
TOYOTA Corolla 1.3 16V HATCHB LINEA TERRA 2/3-Doors,8198.507654701263
TOYOTA Corolla 1.3 16V HATCHB LINEA TERRA 2/3-Doors,8300.415840635664
TOYOTA Corolla 2.0 D4D HATCHB TERRA 2/3-Doors,15374.015446546517
TOYOTA Corolla 2.0 D4D HATCHB TERRA 2/3-Doors,15224.794114736807
TOYOTA Corolla 2.0 D4D HATCHB SOL 2/3-Doors,15118.355293873572
TOYOTA Corolla 2.0 D4D 90 3DR TERRA 2/3-Doors,18547.94877035453
TOYOTA Corolla 2.0 D4D 90 3DR TERRA 2/3-Doors,19421.911700313165
TOYOTA Corolla 1800 T SPORT VVT I 2/3-Doors,19891.876455673773
TOYOTA Corolla 1.9 D HATCHB TERRA 2/3-Doors,17731.374825825016
TOYOTA Corolla 1.8 16V VVTLI 3DR T SPORT BNS 2/3-Doors,21054.613135622247
TOYOTA Corolla 1.8 16V VVTLI 3DR T SPORT 2/3-Doors,18037.92458265392
TOYOTA Corolla 1.6 16v L.SOL 2/3-Doors,16705.081499398122
TOYOTA Corolla 1.6 16V VVT I 3DR SOL 2/3-Doors,17706.17903880028
TOYOTA Corolla 1.6 16V VVT I 3DR SOL 2/3-Doors,17176.02838686272
TOYOTA Corolla 1.4 16V VVT I 3DR TERRA COMFORT 2/3-Doors,15948.128649350389
TOYOTA Corolla 1.4 16V VVT I 3DR TERRA COMFORT 2/3-Doors,15329.966766772657
TOYOTA Corolla 1.4 16V VVT I 3DR 2/3-Doors,15567.661861200397
TOYOTA Corolla 2.0 D4D 90 5DR TERRA COMFORT 4/5-Doors,15934.513912990153
TOYOTA Corolla 2.0 D4D 90 5DR SOL 4/5-Doors,17133.54202962287
TOYOTA Corolla 1.8 16V VVTLI 5DR T SPORT 4/5-Doors,17367.7431021288
TOYOTA Corolla 2.0 D4D 90 5DR TERRA COMFORT 4/5-Doors,16243.252549456345
TOYOTA Corolla 1.4 16V VVT I 5DR TERRA COMFORT 4/5-Doors,15144.349842885225
TOYOTA Corolla 1.4 16V VVT I 5DR TERRA COMFORT 4/5-Doors,15335.168141980843
TOYOTA Corolla 2.0 D4D 110 5DR SOL 4/5-Doors,18543.832438577392
TOYOTA Corolla 1.4 16V VVT I LIFTB TERRA 4/5-Doors,15383.912724388509
TOYOTA Corolla 1.4 16V VVT I 5DR 4/5-Doors,14809.199067217853
TOYOTA Corolla 1.6 16V VVT I 5DR SOL 4/5-Doors,17336.046101531785
TOYOTA Corolla 1.4 16V VVT I 5DR TERRA 4/5-Doors,15465.455748129183
TOYOTA Corolla 1.6 16V VVT I 5DR TERRA 4/5-Doors,16184.189439058793
TOYOTA Corolla 1.4 16V VVT I 5DR 4/5-Doors,15183.230939057355
TOYOTA Corolla 2.0 D4D 110 3DR SOL 2/3-Doors,18978.176995266494
TOYOTA Corolla 2.0 D4D Linea Sol 3 Doors 2/3-Doors,18973.288067080004
TOYOTA Corolla 1.4 VVT-i Sol 2/3-Doors,16883.65787677881
TOYOTA Corolla 1.4 16V VVT I 3DR 2/3-Doors,17505.508342110686
TOYOTA Corolla VERSO 2.0 D4D SOL (7) BNS MPV,25861.164413407365
TOYOTA Corolla VERSO 2.0 D4D SOL (7) MPV,25843.49624671215
TOYOTA Corolla 2.0 D4D 110 5DR EXEC BNS 4/5-Doors,22704.98209534572
TOYOTA Corolla 1.6 16V VVT I 5DR TERRA COMFORT 4/5-Doors,16081.667601264171
TOYOTA Corolla 1.6 16V VVT I 5DR SOL 4/5-Doors,18455.07329475655
TOYOTA Corolla 1.6i 16V VVT I SOL + Navigatie 4/5-Doors,18057.20159867288
TOYOTA Corolla 1.6 16V VVT I SEDAN TERRA COMF 4/5-Doors,16946.266987509392
TOYOTA Corolla 1.4 16V VVT I 5DR TERRA 4/5-Doors,16911.571321089705
TOYOTA Corolla 1.6 16V VVT I 5DR TERRA COMFORT 4/5-Doors,17858.933405791693
TOYOTA Corolla 1.4 16V VVT I SEDAN TERRA COMF 4/5-Doors,17595.596904179325
TOYOTA Corolla 1.6 16V VVT I 5DR TERRA COMFORT 4/5-Doors,17912.814482445265
TOYOTA Corolla 1.6 16V VVT I SEDAN SOL 4/5-Doors,19249.171571565617
TOYOTA Corolla 1.6-16v VVT-i Linea Terra Comfort AIRCO NIEUW 5DRS 4/5-Doors,17837.226787579963
TOYOTA Corolla 1.4 16V VVT I 5DR LUNA 4/5-Doors,19632.008314333085
TOYOTA Corolla 1.6 16V VVT I 5DR TERRA COMFORT 4/5-Doors,19868.09170448193
TOYOTA Corolla 1.6 16V VVT I 5DR EXEC 4/5-Doors,21909.810706346005
TOYOTA Corolla 1.6 VVT-I 5DR LINEA TERRA 4/5-Doors,19494.234753463454
TOYOTA Corolla 1.4 16V VVT I 5DR TERRA COMFORT 4/5-Doors,20538.678467252015
TOYOTA Corolla 1.4 16V 5DR TERRA 4/5-Doors,21150.862944030665
TOYOTA Corolla 1.6-16v VVT-i Linea Terra Comfort NIEUW AIRCO 5drs 4/5-Doors,20412.963823042242
TOYOTA Corolla 1.6 16V VVT I HATCHB TERRA 2/3-Doors,10216.807742194924
TOYOTA Corolla 1.9 D HATCHB TERRA 2/3-Doors,10549.872171431594
TOYOTA Corolla 1.8D 4/5-Doors,11421.357416066876
TOYOTA Corolla 1.6 16V VVT I LIFTB LUNA 4/5-Doors,11312.763675387221
TOYOTA Corolla 2.0 D4D LIFTB SOL 4/5-Doors,12086.493045798228
TOYOTA Corolla 1.6 16V VVT I LIFTB TERRA 4/5-Doors,12321.730803444472
TOYOTA Corolla 1.6 16V VVT I LIFTB LUNA 4/5-Doors,11747.00633570887
TOYOTA Corolla 1.6 16V VVT I LIFTB TERRA 4/5-Doors,11444.744637340127
TOYOTA Corolla 1.6 16V VVT I LIFTB SOL 4/5-Doors,11499.916231471465
TOYOTA Corolla 2.0 D4D LIFTB SOL 4/5-Doors,12503.616482187137
TOYOTA Corolla 1.9 D HATCHB TERRA 2/3-Doors,12237.64590109644
TOYOTA Corolla 1.4 16V VVT I HATCHB TERRA 2/3-Doors,11081.494662264298
TOYOTA Corolla 1.4 16V VVT I HATCHB TERRA 2/3-Doors,11094.756355183656
TOYOTA Corolla 1.6 16V VVT I LIFTB LUNA 4/5-Doors,12347.81809332608
TOYOTA Corolla 1.6 Terra LB 4/5-Doors,11104.63050493116
TOYOTA Corolla 1.6 16V VVT I LIFTB LUNA 4/5-Doors,12042.704861961924
TOYOTA Corolla 1.4 16V VVT I HATCHB TERRA 2/3-Doors,11596.944336377022
TOYOTA Corolla 1.6 16V VVT I HATCHB SOL 2/3-Doors,12002.30387374379
TOYOTA Corolla 1.6 16V VVT I LIFTB SOL AUT4 4/5-Doors,12481.2226783274
TOYOTA Corolla 1.6 VVT-i Linea Sol 4/5-Doors,11917.817372686994
TOYOTA Corolla 1.6 16V VVT I HATCHB SOL 2/3-Doors,11969.879909382948
TOYOTA Corolla 2.0 D4D HATCHB TERRA 2/3-Doors,13362.769484313972
TOYOTA Corolla 1.6 16V VVT I LIFTB LUNA 4/5-Doors,12320.12260942826
TOYOTA Corolla 1.6 16V VVT I LIFTB LUNA 4/5-Doors,12674.52761834331
TOYOTA Corolla 1.6 16V HATCHB LINEA TERRA 2/3-Doors,12467.659295313599
TOYOTA Corolla 1.6 16V VVT I LIFTB TERRA 4/5-Doors,12687.142367067969
TOYOTA Corolla 1.4 16V VVT I HATCHB TERRA 2/3-Doors,12332.169354778996
TOYOTA Corolla 1.4 16V VVT I HATCHB TERRA 2/3-Doors,11404.10512233147
TOYOTA Corolla 1.4 16V VVT I HATCHB TERRA 2/3-Doors,11409.208137634818
TOYOTA Corolla 1.6 16V VVT I LIFTB LUNA 4/5-Doors,12472.226823784082
TOYOTA Corolla 1.6 16V VVT I LIFTB SOL 4/5-Doors,12516.4530730474
TOYOTA Corolla 1.6 16V VVT I HATCHB TERRA 2/3-Doors,12108.21441730182
TOYOTA Corolla 1.6 16V VVT I WAGON TERRA Stationwagen,11968.122306270676
TOYOTA Corolla 1.6 16V VVT I SEDAN TERRA 4/5-Doors,12129.57991732731
TOYOTA Corolla 1.4 16V VVT I LIFTB LUNA 4/5-Doors,12746.410728996587
TOYOTA Corolla 1.6 16V VVT I LIFTB SOL 4/5-Doors,12921.918602320424
TOYOTA Corolla 1.6 16V HATCHB LINEA TERRA 2/3-Doors,11788.954233290524
TOYOTA Corolla 1.6 16V VVT I LIFTB SOL 4/5-Doors,13022.641540999131
TOYOTA Corolla 1.6 16V VVT I HATCHB SOL 2/3-Doors,12435.310484864609
TOYOTA Corolla 1.4 16V VVT I HATCHB TERRA 2/3-Doors,12269.449874516366
TOYOTA Corolla 1.4 16V VVT I LIFTB TERRA 4/5-Doors,12359.601730238031
TOYOTA Corolla 1.6 16V VVT I LIFTB LUNA 4/5-Doors,12707.776462109205
TOYOTA Corolla 1.4 16V VVT I HATCHB TERRA 2/3-Doors,11373.969272697997
TOYOTA Corolla 1.4 16V VVT I LIFTB LUNA 4/5-Doors,12188.158210561987
TOYOTA Corolla 1.6 VVTi Linea terra 4/5-Doors,12681.019259074395
TOYOTA Corolla 1.6 16V VVT I LIFTB LUNA 4/5-Doors,12385.98706721496
TOYOTA Corolla 1.4 16V VVT I HATCHB TERRA 2/3-Doors,11476.131856879752
TOYOTA Corolla 1.6 16V VVT I LIFTB TERRA 4/5-Doors,12304.197564501803
TOYOTA Corolla 1.6I LIFTBACK 4/5-Doors,12808.110246085205
TOYOTA Corolla 1.6 16V VVT I HATCHB TERRA 2/3-Doors,12943.365475605113
TOYOTA Corolla 1.6 16V VVT I LIFTB TERRA 4/5-Doors,12378.325294715336
TOYOTA Corolla 1.4 16V VVT I LIFTB LUNA 4/5-Doors,16094.644328430402
TOYOTA Corolla 1.6 16V VVT I LIFTB SOL 4/5-Doors,13458.30273757558
TOYOTA Corolla 1.6 16V VVT I HATCHB TERRA 2/3-Doors,12575.375930171354
TOYOTA Corolla 1.3 16V LIFTB LINEA TERRA 4/5-Doors,12582.184302433014
TOYOTA Corolla 1.6 16V VVT I LIFTB TERRA 4/5-Doors,13628.743454094096
TOYOTA Corolla 1.4 LB LINEA TERRA 4/5-Doors,13332.971302286895
TOYOTA Corolla 1.4 16V VVT I LIFTB LUNA 4/5-Doors,13140.788674410443
TOYOTA Corolla 1.9 D HATCHB SOL 2/3-Doors,9246.000959462855
TOYOTA Corolla 1.9 D WAGON TERRA Stationwagen,10044.000540442321
TOYOTA Corolla 1.6 16V VVT I WAGON TERRA Stationwagen,9341.329501884871
TOYOTA Corolla 2.0 D4D HATCHB TERRA 2/3-Doors,10422.720986656059
TOYOTA Corolla 1.6 16V VVT I SEDAN TERRA 4/5-Doors,10366.863632335078
TOYOTA Corolla 1.4 16V VVT I HATCHB TERRA 2/3-Doors,9813.416246038616
TOYOTA Corolla 2.0D 4/5-Doors,10255.746631846543
TOYOTA Corolla 1.4 16V VVT I LIFTB TERRA 4/5-Doors,10165.524401323655
TOYOTA Corolla 1.6 16V LIFTB LINEA LUNA 4/5-Doors,10826.789545679714
TOYOTA Corolla 1.4 16V VVT I LIFTB TERRA 4/5-Doors,10730.774155327286
TOYOTA Corolla 1.6 16V VVT I LIFTB SOL 4/5-Doors,10586.499287326566
TOYOTA Corolla 1.9 D LIFTB TERRA 4/5-Doors,10990.408562764833
TOYOTA Corolla 1.3 16V HATCHB LINEA TERRA 2/3-Doors,9629.190904317671
TOYOTA Corolla 1.4 16V VVT I HATCHB TERRA 2/3-Doors,9756.754368776828
TOYOTA Corolla 1.9 D LIFTB TERRA 4/5-Doors,10989.934389819398
TOYOTA Corolla LIFTBACK 1.4 VVT-i LINEA TERRA 4/5-Doors,10220.739818371401
TOYOTA Corolla 1.6 16V VVT I WAGON TERRA Stationwagen,10146.673276415795
TOYOTA Corolla 1.6 16V VVT I HATCHB TERRA 2/3-Doors,9987.587838522924
TOYOTA Corolla 1.6 16V VVT I WAGON TERRA Stationwagen,11110.514558151488
TOYOTA Corolla 1.6 16V VVT I HATCHB TERRA 2/3-Doors,10842.213421497428
TOYOTA Corolla 1.6 16V VVT I HATCHB TERRA AUT4 2/3-Doors,10613.337856956046
TOYOTA Corolla 1.4 VVT-i Linea Sol HB 2/3-Doors,10418.540324896667
TOYOTA Corolla 1.6 16V VVT I LIFTB TERRA 4/5-Doors,10658.84939768512
TOYOTA Corolla 1.6 16V VVT I LIFTB TERRA 4/5-Doors,9996.682380214696
TOYOTA Corolla 1.6 16V VVT I HATCHB TERRA 2/3-Doors,9749.834907630675
TOYOTA Corolla 1.6 16V VVT I LIFTB SOL 4/5-Doors,10957.964998415639
TOYOTA Corolla 1.6 16V VVT I SEDAN TERRA AUT4 4/5-Doors,10317.200500450579
TOYOTA Corolla 1.6 16V VVT I LIFTB SOL 4/5-Doors,10965.976171585384
TOYOTA Corolla 1.6 4/5-Doors,10069.897122771812
TOYOTA Corolla 1.6 16V VVT I SEDAN TERRA 4/5-Doors,10282.227472175811
TOYOTA Corolla 1.6 16V VVT I LIFTB SOL 4/5-Doors,10631.48895213297
TOYOTA Corolla 1.9 D Linea Terra 2/3-Doors,10337.382906615308
TOYOTA Corolla 1.6 16V VVT I HATCHB TERRA 2/3-Doors,10646.33170217939
TOYOTA Corolla 1.4 16V VVT I HATCHB TERRA 2/3-Doors,10148.836216929114
TOYOTA Corolla 1.6 16V WAGON LINEA LUNA Stationwagen,11169.768863743646
TOYOTA Corolla 1.6 16V VVT I HATCHB G6 4/5-Doors,10790.119236738277
TOYOTA Corolla 1.4 16V VVT I LIFTB TERRA 4/5-Doors,10878.866702005693
TOYOTA Corolla 1.4 16V VVT I HATCHB TERRA 2/3-Doors,10196.556902320111
TOYOTA Corolla 1.6 16V VVT I SEDAN TERRA 4/5-Doors,10714.298835042096
TOYOTA Corolla 1.6 SDN LINEA SOL 4/5-Doors,10803.954062740571
TOYOTA Corolla 1.6 16V HATCHB LINEA TERRA 2/3-Doors,10846.627064903587
TOYOTA Corolla 1.6 16V HATCHB S 2/3-Doors,11315.831359966598
TOYOTA Corolla 1.4 16V VVT I HATCHB TERRA 2/3-Doors,9943.996287876616
TOYOTA Corolla 1.6 VVTI Linea Sol Sedan 4/5-Doors,11247.627924271079
TOYOTA Corolla 1.6 16V VVT I LIFTB TERRA 4/5-Doors,10684.920453304288
TOYOTA Corolla 1.4 16V VVT I HATCHB TERRA 2/3-Doors,10325.19108333849
TOYOTA Corolla 1.4 HB LINEA TERRA 2/3-Doors,10802.625058331658
TOYOTA Corolla 1.4 16V VVT I HATCHB TERRA 2/3-Doors,10393.663615090185
TOYOTA Corolla 1.6 16V VVT I HATCHB G6 2/3-Doors,11027.075994150997
TOYOTA Corolla 1.4 16V VVT I HATCHB TERRA 2/3-Doors,10497.91157251104
TOYOTA Corolla 1.6 16V VVT I HATCHB G6 2/3-Doors,11555.989503981926
TOYOTA Corolla LIFTBACK 1.6 Linea terra 4/5-Doors,10531.154031292903
TOYOTA Corolla 1.6 16V VVT I WAGON TERRA Stationwagen,11238.686769479124
TOYOTA Corolla 1.3 16V HATCHB G6 2/3-Doors,11082.528277819405
TOYOTA Corolla 1.4 16V VVT I HATCHB SOL 2/3-Doors,11448.669828899474
TOYOTA Corolla 1.6 Hatchback 2/3-Doors,11049.692577045991
TOYOTA Corolla 1.6 16V VVT I HATCHB G6 4/5-Doors,11584.513583465656
TOYOTA Corolla 1.3 16V LIFTB G6 4/5-Doors,10920.25205090222
TOYOTA Corolla 1.4 16V VVT I HATCHB TERRA 2/3-Doors,10601.27791042079
TOYOTA Corolla 1.4 16V VVT I HATCHB TERRA 2/3-Doors,10632.089031479423
TOYOTA Corolla 1.6 16V VVT I LIFTB TERRA 4/5-Doors,11054.380854247675
TOYOTA Corolla 1.6 16V VVT I WAGON TERRA Stationwagen,11476.462886999801
TOYOTA Corolla 1.6 16V VVT I LIFTB TERRA 4/5-Doors,12017.561572102974
TOYOTA Corolla 1.6 16V HATCHB LINEA TERRA 2/3-Doors,11431.173538850382
TOYOTA Corolla 1.6 16V VVT I LIFTB SOL 4/5-Doors,12081.461538211386
TOYOTA Corolla 1.6 16V VVT I HATCHB G6 2/3-Doors,11968.168194987835
TOYOTA Corolla 1.4 16V VVT I LIFTB TERRA 4/5-Doors,11165.292247594685
TOYOTA Corolla 1.4 16V VVT I HATCHB TERRA 2/3-Doors,11509.02013334621
TOYOTA Corolla 1.4 16V VVT I HATCHB TERRA 2/3-Doors,11635.005326717162
TOYOTA Corolla 2.0 d HB Diesel 2/3-Doors,14749.507155112822
TOYOTA Corolla 1.3 16V SEDAN LINEA TERRA 4/5-Doors,7370.798087248825
TOYOTA Corolla 2.0 DSL SEDAN LINEA TERRA 4/5-Doors,8636.531779522313
TOYOTA Corolla 1.3 16V HATCHB LINEA TERRA 2/3-Doors,7801.3431749710535
TOYOTA Corolla 2.0 DSL HATCHB LINEA LUNA 2/3-Doors,8680.214239211326
TOYOTA Corolla 1.6 16V G6 2/3-Doors,8691.999695381746
TOYOTA Corolla 2.0 DSL HATCHB LINEA TERRA 2/3-Doors,8347.501804975052
TOYOTA Corolla 2.0 DSL HATCHB LINEA TERRA 2/3-Doors,8351.150926609633
TOYOTA Corolla 1.6 16V HATCHB S 2/3-Doors,8454.62129972318
TOYOTA Corolla 2.0D XL Sedan 4/5-Doors,8855.287753005987
TOYOTA Corolla 2.0 DSL SEDAN LINEA TERRA 4/5-Doors,8731.981149340558
TOYOTA Corolla 1.6 VVT-i Linea Terra Comfort 4/5-Doors,8607.731642028288
TOYOTA Corolla 1.6 16V HATCHB G6 2/3-Doors,9314.136876693343
TOYOTA Corolla 1.6 16V SEDAN LINEA TERRA AUT4 4/5-Doors,9041.079700190543
TOYOTA Corolla 1.6 16V SEDAN LINEA TERRA 4/5-Doors,8994.55439199428
TOYOTA Corolla 1.6 G6-R 2/3-Doors,9022.069369787308
TOYOTA Corolla 1.6 16V LIFTB LINEA LUNA 4/5-Doors,9493.638646919588
TOYOTA Corolla 1.6 16V LIFTB LINEA LUNA 4/5-Doors,9137.793303749566
TOYOTA Corolla 1.6 16V SEDAN LINEA TERRA 4/5-Doors,8759.185058194686
TOYOTA Corolla 1.3 16V LIFTB G6 4/5-Doors,8939.248001955068
TOYOTA Corolla 1.3 16V HATCHB LINEA LUNA 2/3-Doors,8880.733825817446
TOYOTA Corolla 1.3 16V HATCHB G6 2/3-Doors,8923.468820059
TOYOTA Corolla 1.6 16V LIFTB LINEA LUNA 4/5-Doors,9206.386229527421
TOYOTA Corolla 2.0 LB LINEA TERRA D 4/5-Doors,9530.328293652521
TOYOTA Corolla 1.6 16V HATCHB G6 2/3-Doors,9159.421234125042
TOYOTA Corolla 1.3 Linea Terra sedan Comf. 4/5-Doors,8286.92768559813
TOYOTA Corolla 1.3 16V HATCHB LINEA TERRA 2/3-Doors,8753.202155149755
TOYOTA Corolla 1.6 16V HATCHB LINEA TERRA 2/3-Doors,8667.706303153835
TOYOTA Corolla 1.6 Linea Terra LB 4/5-Doors,9265.762667378407
TOYOTA Corolla 1.6-16v Linea Terra 2/3-Doors,8679.942853554656
TOYOTA Corolla 1.6 16V WAGON LINEA LUNA Stationwagen,9804.37264572985
TOYOTA Corolla 1.6 16V HATCHB LINEA TERRA 2/3-Doors,9525.736383792471
TOYOTA Corolla 2.0 DSL HATCHB LINEA TERRA 2/3-Doors,9170.104524308355
TOYOTA Corolla 1.6 16V HATCHB LINEA TERRA 2/3-Doors,8898.720817527419
TOYOTA Corolla 1.6 16V LIFTB LINEA LUNA 4/5-Doors,9437.861420270554
TOYOTA Corolla 1.6 Linea Luna Wagon Stationwagen,9458.972290073689
TOYOTA Corolla 1.6 16V SEDAN LINEA LUNA 4/5-Doors,9216.958164603438
TOYOTA Corolla 1.3 16V HATCHB LINEA TERRA 2/3-Doors,8866.494154733575
TOYOTA Corolla 1.3 16V LIFTB LINEA TERRA AUT3 4/5-Doors,9232.4225221943
TOYOTA Corolla 1.6 16V HATCHB LINEA TERRA 2/3-Doors,8955.849493735563
TOYOTA Corolla 1.6 Terra HB 2/3-Doors,9262.730767864476
TOYOTA Corolla 1.6 16V LIFTB LINEA LUNA 4/5-Doors,9447.818744340138
TOYOTA Corolla 1.3 16V HATCHB LINEA TERRA 2/3-Doors,8649.28862900861
TOYOTA Corolla 1.3 16V HATCHB LINEA TERRA 2/3-Doors,8660.253400507672
TOYOTA Corolla 1.6 HB LINEA TERRA 2/3-Doors,9313.630077175625
TOYOTA Corolla 1.6 16V HATCHB G6 2/3-Doors,9432.97944033871
TOYOTA Corolla 1.6 16V SEDAN LINEA TERRA 4/5-Doors,8765.56558983943
TOYOTA Corolla 1.3 HB LINEA TERRA 2/3-Doors,8623.612431020532
TOYOTA Corolla 2.0 D Linea luna Wagon Stationwagen,10087.143788455069
TOYOTA Corolla 1.6 16V LIFTB LINEA TERRA AUT4 4/5-Doors,9610.631529612163
TOYOTA Corolla 1.6 16V SEDAN LINEA TERRA 4/5-Doors,9151.848735123467
TOYOTA Corolla 1.3 16V Linea Terra 2/3-Doors,9015.13783190128
TOYOTA Corolla 1.3 16V HATCHB LINEA LUNA 2/3-Doors,9159.546085599615
TOYOTA Corolla 1.6 16V SEDAN LINEA TERRA 4/5-Doors,8819.115724819661
TOYOTA Corolla 1.3 16V HATCHB LINEA TERRA 2/3-Doors,9034.672722856036
TOYOTA Corolla 2.0 DSL HATCHB LINEA LUNA 2/3-Doors,9600.110564939714
TOYOTA Corolla 1.6 16V LIFTB LINEA LUNA 4/5-Doors,9581.777645727901
TOYOTA Corolla 1.6 16V HATCHB LINEA LUNA AUT4 2/3-Doors,9653.736766083184
TOYOTA Corolla 1.6 16V WAGON LINEA TERRA Stationwagen,10027.886655616738
TOYOTA Corolla 1.6 16V HATCHB LINEA TERRA 2/3-Doors,9777.349560663904
TOYOTA Corolla 1.6 16V HATCHB G6 2/3-Doors,9894.118372586152
TOYOTA Corolla 1.6 16V LIFTB LINEA TERRA 4/5-Doors,9646.215204158734
TOYOTA Corolla 1.3 16V HATCHB LINEA TERRA 2/3-Doors,8721.012025713733
TOYOTA Corolla 1.6 16V HATCHB G6 2/3-Doors,9563.226625422898
TOYOTA Corolla 1.6 16V HATCHB LINEA TERRA 2/3-Doors,8999.440402605578
TOYOTA Corolla 1.3 16V LIFTB LINEA TERRA 4/5-Doors,9248.843181236254
TOYOTA Corolla 1.6 16V LIFTB LINEA LUNA 4/5-Doors,9647.428496852805
TOYOTA Corolla 1.6 16v Linea Luna 2/3-Doors,9583.63864485949
TOYOTA Corolla 1.3 16V LIFTB LINEA TERRA 4/5-Doors,8994.374263758087
TOYOTA Corolla 1.6 16V HATCHB G6 R 2/3-Doors,8854.091515183
TOYOTA Corolla 1.6 16V LIFTB LINEA TERRA 4/5-Doors,9538.959725603705
TOYOTA Corolla 1.3 16V HATCHB LINEA TERRA 2/3-Doors,9144.631491905348
TOYOTA Corolla 1.3 16V HATCHB LINEA TERRA AUT3 2/3-Doors,9025.040334592151
TOYOTA Corolla 1.6 16V HATCHB G6 2/3-Doors,9640.697775826995
TOYOTA Corolla 1.3 16V HATCHB S 2/3-Doors,9174.657511434862
TOYOTA Corolla 1.6 16V LIFTB LINEA TERRA 4/5-Doors,9230.977245942682
TOYOTA Corolla 1.6 16V LIFTB LINEA LUNA 4/5-Doors,9446.586761344675
TOYOTA Corolla LIFTBACK 1.6 Linea Sol 4/5-Doors,9458.984895198504
TOYOTA Corolla 1.3 16V LIFTB LINEA TERRA AUT3 4/5-Doors,9587.405979003477
TOYOTA Corolla 1.6 16V HATCHB LINEA TERRA 2/3-Doors,9489.282455057002
TOYOTA Corolla 1.6 16V HATCHB G6 R 2/3-Doors,8954.433325569411
TOYOTA Corolla 1.3 16V LIFTB LINEA TERRA 4/5-Doors,9098.267505193131
TOYOTA Corolla 1.3 16V HATCHB LINEA TERRA 2/3-Doors,8881.077074932853
TOYOTA Corolla 1.6 Linea Terra Comfort 4/5-Doors,9392.19693105945
TOYOTA Corolla 1.6 16V LIFTB LINEA LUNA 4/5-Doors,10165.670222425733
TOYOTA Corolla 1.3 16V HATCHB LINEA TERRA 2/3-Doors,8974.351239589905
TOYOTA Corolla 1.6 16V HATCHB LINEA TERRA 2/3-Doors,9517.77514737947
TOYOTA Corolla 1.6 VVTi Linea Luna Lift 4/5-Doors,9829.472824311162
TOYOTA Corolla 1.6 16V HATCHB LINEA TERRA 2/3-Doors,8911.876554646433
TOYOTA Corolla 1.6 16V LIFTB LINEA LUNA 4/5-Doors,9552.949241870816
TOYOTA Corolla 1.6 16V HATCHB S 2/3-Doors,9375.135762063224
TOYOTA Corolla 1.3 16V LIFTB LINEA TERRA 4/5-Doors,8825.511885660684
TOYOTA Corolla 1.3 16V HATCHB LINEA TERRA 2/3-Doors,8693.70656130157
TOYOTA Corolla 1.3 16V SEDAN LINEA TERRA 4/5-Doors,9218.926928624867
TOYOTA Corolla 1.3 16V LIFTB LINEA LUNA 4/5-Doors,9374.312775608587
TOYOTA Corolla 1.3 16V LIFTB G6 4/5-Doors,9668.693638688874
TOYOTA Corolla 1.6 16V LIFTB LINEA TERRA 4/5-Doors,9104.666807715786
TOYOTA Corolla 1.6 16V LIFTB LINEA LUNA 4/5-Doors,10273.301343587236
TOYOTA Corolla 1.6 16V HATCHB G6 2/3-Doors,9909.389644431867
TOYOTA Corolla 2/3-Doors,10045.999952692895
TOYOTA Corolla 1.6 16V HATCHB LINEA TERRA 2/3-Doors,9466.552369632329
TOYOTA Corolla 1.6 Linea Luna Aut. 4/5-Doors,9409.86548247707
TOYOTA Corolla 1.6 16V LIFTB LINEA TERRA 4/5-Doors,9826.371492070843
TOYOTA Corolla 1.6 16V LIFTB LINEA TERRA 4/5-Doors,10316.27600293327
TOYOTA Corolla 1.6 16V LIFTB LINEA LUNA 4/5-Doors,9692.40864723253
TOYOTA Corolla 1.6 16V WAGON LINEA TERRA Stationwagen,9959.417365085414
TOYOTA Corolla 1.3 16V LIFTB LINEA LUNA 4/5-Doors,9477.989883006265
TOYOTA Corolla 1.6 16V SEDAN LINEA TERRA 4/5-Doors,9820.34510640456
TOYOTA Corolla 1.6 GTSi HB 2/3-Doors,9137.57705055185
TOYOTA Corolla 1.6 Linea Terra Sedan 4/5-Doors,9676.594026263034
TOYOTA Corolla 1.3 16V HATCHB LINEA TERRA 2/3-Doors,9536.371033493275
TOYOTA Corolla 1.6 16V LIFTB LINEA TERRA 4/5-Doors,10064.795821517564
TOYOTA Corolla 1.6 16V LIFTB LINEA TERRA 4/5-Doors,9965.93544677528
TOYOTA Corolla 1.6 Lin.Terra Aut. 4/5-Doors,9917.778847394133
TOYOTA Corolla 1.6 SD TERRA 4/5-Doors,9349.997673217322
TOYOTA Corolla 1.6 LB Linea Terra 4/5-Doors,9653.190034187459
TOYOTA Corolla 1.3 16V HATCHB G6 2/3-Doors,10172.471033683792
TOYOTA Corolla 1.6 16V LIFTB LINEA LUNA 4/5-Doors,10277.610394938087
TOYOTA Corolla 1.6 16V WAGON LINEA TERRA Stationwagen,10196.047959676922
TOYOTA Corolla 1.6 16V HATCHB G6 R 2/3-Doors,10198.392391864192
TOYOTA Corolla 1.3 16V HATCHB S 2/3-Doors,9354.924499423165
TOYOTA Corolla 1.6 16V LIFTB LINEA LUNA 4/5-Doors,10306.16542451466
TOYOTA Corolla 1.6 SDN LINEA TERRA 4/5-Doors,9254.931918741948
TOYOTA Corolla 1.6 16V HATCHB LINEA TERRA 2/3-Doors,9663.862193031342
TOYOTA Corolla 1.6 16V LIFTB LINEA TERRA 4/5-Doors,10222.531079099195
TOYOTA Corolla 1.3 16V SEDAN LINEA TERRA AUT3 4/5-Doors,9972.777019706273
TOYOTA Corolla 2.0 DSL WAGON LINEA TERRA Stationwagen,7077.586263074137
TOYOTA Corolla 2.0D LINEA TERRA+airco 2/3-Doors,7257.762194747707
TOYOTA Corolla 2.0 DSL SEDAN LINEA TERRA 4/5-Doors,6914.208249551949
TOYOTA Corolla 2.0 DSL SEDAN LINEA TERRA 4/5-Doors,7481.998960830602
TOYOTA Corolla 2.0 DSL HATCHB LINEA TERRA 2/3-Doors,6927.216161397204
TOYOTA Corolla 1.3 16V HATCHB LINEA TERRA 2/3-Doors,6486.5265985727465
TOYOTA Corolla 1.6 16v Linea Terra 4/5-Doors,7700.081497548355
TOYOTA Corolla 2.0D Linea Terra 2/3-Doors,7542.822384107288
TOYOTA Corolla 2.0 DSL LIFTB LINEA LUNA 4/5-Doors,7911.537870305553
TOYOTA Corolla 1.6 16V HATCHB LINEA TERRA 2/3-Doors,7203.361321258759
TOYOTA Corolla 2.0 DSL LIFTB LINEA TERRA 4/5-Doors,7783.60211846636
TOYOTA Corolla 1.6 16V HATCHB LINEA TERRA 2/3-Doors,7327.950724969016
TOYOTA Corolla 1.6 16V HATCHB LINEA TERRA 2/3-Doors,7028.7751686660795
TOYOTA Corolla 1.6 16V LIFTB LINEA TERRA 4/5-Doors,7161.074254208242
TOYOTA Corolla 1.6 16V SEDAN LINEA TERRA 4/5-Doors,7404.45577085559
TOYOTA Corolla 1.6 HATCHBACK 2/3-Doors,7099.428707071095
TOYOTA Corolla 1.6 16V LIFTB LINEA TERRA AUT4 4/5-Doors,8095.291916800777
TOYOTA Corolla 1.3 16V HATCHB S 2/3-Doors,6912.132371733162
TOYOTA Corolla 1.6 Linea Terra / Keuze uit 700 occasions 2/3-Doors,7600.203099725346
TOYOTA Corolla 1.3 16V HATCHB S 2/3-Doors,7236.234632486193
TOYOTA Corolla 1.6 16V SEDAN LINEA TERRA 4/5-Doors,7723.103353745054
TOYOTA Corolla 1.6 16V HATCHB S 2/3-Doors,7445.536138021404
TOYOTA Corolla 1.3 16V HATCHB LINEA TERRA 2/3-Doors,6978.435943133214
TOYOTA Corolla 1.6 16V HATCHB LINEA TERRA 2/3-Doors,7876.242923553124
TOYOTA Corolla 1.6 3D Terra/Comf. 2/3-Doors,7885.052537160061
TOYOTA Corolla 1.6 16V HATCHB S 2/3-Doors,7213.636668749434
TOYOTA Corolla 1.6 16V LIFTB LINEA LUNA AUT4 4/5-Doors,7841.731971472056
TOYOTA Corolla 1.6 16V LIFTB LINEA TERRA 4/5-Doors,7620.821279368727
TOYOTA Corolla 1.3 HB LINEA TERRA 2/3-Doors,7022.371436669985
TOYOTA Corolla 1.6 16V WAGON LINEA TERRA Stationwagen,7895.543610227529
TOYOTA Corolla 1.6 16v Liftback Linea Terra 4/5-Doors,8056.965859393726
TOYOTA Corolla 1.6 LINEA TERRA 4/5-Doors,7412.895028390671
TOYOTA Corolla 1.6 Linea Terra Sedan 4/5-Doors,7773.933570186525
TOYOTA Corolla 1.3 16V HATCHB LINEA TERRA 2/3-Doors,7323.980578702226
TOYOTA Corolla 1.3 16V HATCHB LINEA TERRA 2/3-Doors,7327.365182542817
TOYOTA Corolla 1.6 16V LIFTB LINEA TERRA 4/5-Doors,7690.966963510138
TOYOTA Corolla 1.6 16V HATCHB LINEA TERRA 2/3-Doors,7320.24501156739
TOYOTA Corolla 1.3 Linea Luna Hatchback 2/3-Doors,7154.868974520775
TOYOTA Corolla 1.3 16V HATCHB S 2/3-Doors,7373.9321025556255
TOYOTA Corolla 1.3 16V HATCHB LINEA TERRA 2/3-Doors,7392.368428599115
TOYOTA Corolla 1.3 16V HATCHB LINEA TERRA AUT3 2/3-Doors,7923.160215638848
TOYOTA Corolla 1.3 16V HATCHB LINEA TERRA 2/3-Doors,7395.915001570763
TOYOTA Corolla 1.6 LB LINEA TERRA 4/5-Doors,8039.401465647703
TOYOTA Corolla 1.6 16V LIFTB LINEA LUNA 4/5-Doors,8237.362501417174
TOYOTA Corolla 1.6 16V SEDAN LINEA TERRA 4/5-Doors,7892.452255492974
TOYOTA Corolla 1.3 16V HATCHB LINEA TERRA 2/3-Doors,7431.170894937929
TOYOTA Corolla 1.6 HB LINEA LUNA 2/3-Doors,8743.22897640833
TOYOTA Corolla 2.0 DSL LIFTB LINEA TERRA 4/5-Doors,8663.335696906133
TOYOTA Corolla 1.6 16V HATCHB LINEA TERRA 2/3-Doors,7430.398696984815
TOYOTA Corolla 1.6 16V LIFTB LINEA TERRA 4/5-Doors,7982.21020305543
TOYOTA Corolla 1.6 16V HATCHB LINEA LUNA 2/3-Doors,7897.165468324095
TOYOTA Corolla LIFTBACK 1.6 Linea Terra Liftback 4/5-Doors,8169.974648128873
TOYOTA Corolla 1.6 16V LIFTB LINEA TERRA 4/5-Doors,8269.618273808292
TOYOTA Corolla 1.6 Linea Luna 4/5-Doors,8052.363404147871
TOYOTA Corolla 1.6 16V LIFTB LINEA TERRA 4/5-Doors,8190.529935562271
TOYOTA Corolla 1.6 16V SEDAN LINEA TERRA 4/5-Doors,7409.938506088495
TOYOTA Corolla 1.3 HB LINEA TERRA 2/3-Doors,7299.401520727773
TOYOTA Corolla 1.3 16V HATCHB LINEA TERRA 2/3-Doors,7891.670650762252
TOYOTA Corolla 1.3 16V HATCHB LINEA TERRA 2/3-Doors,7310.048349100691
TOYOTA Corolla 1.3 16V SEDAN LINEA TERRA 4/5-Doors,7968.432989178039
TOYOTA Corolla 1.6 16V LIFTB LINEA TERRA 4/5-Doors,7948.078270400019
TOYOTA Corolla 1.6 16V HATCHB LINEA TERRA 2/3-Doors,7824.665152204664
TOYOTA Corolla 1.3 SDN LINEA TERRA AUT 4/5-Doors,7597.254950525799
TOYOTA Corolla 1.6 16V LIFTB LINEA TERRA 4/5-Doors,7965.704959768785
TOYOTA Corolla 1.6 16V LIFTB LINEA LUNA 4/5-Doors,8438.228910687267
TOYOTA Corolla 1.6 16V HATCHB LINEA TERRA 2/3-Doors,7843.869473789737
TOYOTA Corolla 1.6 16V LIFTB LINEA LUNA 4/5-Doors,8020.508589418472
TOYOTA Corolla 1.6 16V SEDAN LINEA TERRA 4/5-Doors,7759.975530402314
TOYOTA Corolla 1.6 16V HATCHB LINEA TERRA 2/3-Doors,8636.925029971215
TOYOTA Corolla 1.6 16V HATCHB LINEA TERRA 2/3-Doors,8295.628594979875
TOYOTA Corolla 1.6 VVTi Linea terra 2/3-Doors,8201.5621354805
TOYOTA Corolla 1.6 16V WAGON LINEA TERRA Stationwagen,8636.468864912513
TOYOTA Corolla 1.3 16V HATCHB LINEA TERRA AUT3 2/3-Doors,7943.944852785566
TOYOTA Corolla 1.6 16V LIFTB LINEA LUNA 4/5-Doors,8523.20424167545
TOYOTA Corolla 2.0 DSL HATCHB LINEA TERRA 2/3-Doors,8790.667248943473
TOYOTA Corolla 1.6 16V LIFTB LINEA LUNA 4/5-Doors,8526.75321193357
TOYOTA Corolla 1.6 16V LIFTB LINEA LUNA 4/5-Doors,8599.269833273254
TOYOTA Corolla 1.3 16V HATCHB LINEA TERRA 2/3-Doors,7766.351825156614
TOYOTA Corolla 1.6 16V HATCHB LINEA LUNA 2/3-Doors,7997.472561446991
TOYOTA Corolla 1.6 16V SEDAN LINEA TERRA 4/5-Doors,8033.221210742003
TOYOTA Corolla Hatchback 1.6 Terra Comfort 2/3-Doors,7709.71494504646
TOYOTA Corolla 1.6 16V SEDAN LINEA TERRA 4/5-Doors,8649.512776086824
TOYOTA Corolla 1.6 16V HATCHB LINEA TERRA 2/3-Doors,8054.349203375737
TOYOTA Corolla 1.6 16V LIFTB LINEA LUNA 4/5-Doors,8944.139435771327
TOYOTA Corolla 1.6 16V LIFTB LINEA TERRA 4/5-Doors,8297.92773180265
TOYOTA Corolla 1.6 16V SEDAN LINEA TERRA 4/5-Doors,8234.761272398779
TOYOTA Corolla 1.6 16V LIFTB LINEA LUNA 4/5-Doors,8523.207897982003
TOYOTA Corolla 1.6 LB LINEA LUNA 4/5-Doors,9846.813253543343
TOYOTA Corolla 1.6 16V HATCHB LINEA TERRA 2/3-Doors,7759.2855869722
TOYOTA Corolla 1.6 16V WAGON LINEA TERRA Stationwagen,8608.37405278492
TOYOTA Corolla 1.3 16V HATCHB LINEA TERRA 2/3-Doors,7549.299075169646
TOYOTA Corolla 1.3 16V SEDAN LINEA TERRA AUT3 4/5-Doors,8247.904744356285
TOYOTA Corolla 1.3 16V WAGON LINEA TERRA Stationwagen,7796.3994195564355
TOYOTA Corolla 1.3 16V HATCHB G6 2/3-Doors,7896.800139452498
TOYOTA Corolla 1.6 16V LIFTB LINEA LUNA 4/5-Doors,9053.096873706036
TOYOTA Corolla 1.6 LB LINEA TERRA 4/5-Doors,8566.608689026325
TOYOTA Corolla 1.6 16V HATCHB LINEA TERRA 2/3-Doors,7881.479700969112
TOYOTA Corolla 1.3 16V SEDAN LINEA TERRA 4/5-Doors,7805.224569940778
TOYOTA Corolla 1.3 16V LIFTB LINEA TERRA 4/5-Doors,7815.86228274763
TOYOTA Corolla LIFTBACK 1.3i Linea Terra Liftback 4/5-Doors,8105.341341212179
TOYOTA Corolla LIFTBACK 1.6 Linea terra 4/5-Doors,8079.695495242658
TOYOTA Corolla 1.6 16V HATCHB LINEA TERRA 2/3-Doors,8422.6355947329
TOYOTA Corolla 1.3 16V LIFTB LINEA TERRA 4/5-Doors,8224.000335542481
TOYOTA Corolla 1.6 GL LB 4/5-Doors,8605.407135080903
TOYOTA Corolla 1.3 16V SEDAN LINEA TERRA 4/5-Doors,7680.345099289863
TOYOTA Corolla 1.6 16V HATCHB LINEA TERRA 2/3-Doors,8645.548817406449
TOYOTA Corolla 1.6 LB 4/5-Doors,8506.994140923383
TOYOTA Corolla 1.6 Lin.Terra Aut. 2/3-Doors,9267.42480312964
TOYOTA Corolla 1.3 16V HATCHB LINEA TERRA 2/3-Doors,8128.163386452047
TOYOTA Corolla 1.3 Linea Terra 4/5-Doors,9148.745284002014
TOYOTA Corolla 1.3 16V HATCHB LINEA TERRA 2/3-Doors,8198.507654701269
TOYOTA Corolla 1.3 16V HATCHB LINEA TERRA 2/3-Doors,8300.41584063567
TOYOTA Corolla 2.0 D4D HATCHB TERRA 2/3-Doors,15374.015446546517
TOYOTA Corolla 2.0 D4D HATCHB TERRA 2/3-Doors,15224.794114736807
TOYOTA Corolla 2.0 D4D HATCHB SOL 2/3-Doors,15118.355293873572
TOYOTA Corolla 2.0 D4D 90 3DR TERRA 2/3-Doors,18547.94877035453
TOYOTA Corolla 2.0 D4D 90 3DR TERRA 2/3-Doors,19421.911700313165
TOYOTA Corolla 1800 T SPORT VVT I 2/3-Doors,19891.876455673773
TOYOTA Corolla 1.9 D HATCHB TERRA 2/3-Doors,17731.374825825016
TOYOTA Corolla 1.8 16V VVTLI 3DR T SPORT BNS 2/3-Doors,21054.613135622247
TOYOTA Corolla 1.8 16V VVTLI 3DR T SPORT 2/3-Doors,18037.92458265392
TOYOTA Corolla 1.6 16v L.SOL 2/3-Doors,16705.081499398122
TOYOTA Corolla 1.6 16V VVT I 3DR SOL 2/3-Doors,17706.17903880028
TOYOTA Corolla 1.6 16V VVT I 3DR SOL 2/3-Doors,17176.02838686272
TOYOTA Corolla 1.4 16V VVT I 3DR TERRA COMFORT 2/3-Doors,15948.128649350389
TOYOTA Corolla 1.4 16V VVT I 3DR TERRA COMFORT 2/3-Doors,15329.966766772657
TOYOTA Corolla 1.4 16V VVT I 3DR 2/3-Doors,15567.661861200397
TOYOTA Corolla 2.0 D4D 90 5DR TERRA COMFORT 4/5-Doors,15934.513912990153
TOYOTA Corolla 2.0 D4D 90 5DR SOL 4/5-Doors,17133.54202962287
TOYOTA Corolla 1.8 16V VVTLI 5DR T SPORT 4/5-Doors,17367.7431021288
TOYOTA Corolla 2.0 D4D 90 5DR TERRA COMFORT 4/5-Doors,16243.252549456345
TOYOTA Corolla 1.4 16V VVT I 5DR TERRA COMFORT 4/5-Doors,15144.349842885225
TOYOTA Corolla 1.4 16V VVT I 5DR TERRA COMFORT 4/5-Doors,15335.168141980843
TOYOTA Corolla 2.0 D4D 110 5DR SOL 4/5-Doors,18543.832438577392
TOYOTA Corolla 1.4 16V VVT I LIFTB TERRA 4/5-Doors,15383.912724388509
TOYOTA Corolla 1.4 16V VVT I 5DR 4/5-Doors,14809.199067217853
TOYOTA Corolla 1.6 16V VVT I 5DR SOL 4/5-Doors,17336.046101531785
TOYOTA Corolla 1.4 16V VVT I 5DR TERRA 4/5-Doors,15465.455748129183
TOYOTA Corolla 1.6 16V VVT I 5DR TERRA 4/5-Doors,16184.189439058793
TOYOTA Corolla 1.4 16V VVT I 5DR 4/5-Doors,15183.230939057355
TOYOTA Corolla 2.0 D4D 110 3DR SOL 2/3-Doors,18978.176995266494
TOYOTA Corolla 2.0 D4D Linea Sol 3 Doors 2/3-Doors,18973.288067080004
TOYOTA Corolla 1.4 VVT-i Sol 2/3-Doors,16883.65787677881
TOYOTA Corolla 1.4 16V VVT I 3DR 2/3-Doors,17505.508342110686
TOYOTA Corolla VERSO 2.0 D4D SOL (7) BNS MPV,25861.164413407365
TOYOTA Corolla VERSO 2.0 D4D SOL (7) MPV,25843.49624671215
TOYOTA Corolla 2.0 D4D 110 5DR EXEC BNS 4/5-Doors,22704.98209534572
TOYOTA Corolla 1.6 16V VVT I 5DR TERRA COMFORT 4/5-Doors,16081.667601264171
TOYOTA Corolla 1.6 16V VVT I 5DR SOL 4/5-Doors,18455.07329475655
TOYOTA Corolla 1.6i 16V VVT I SOL + Navigatie 4/5-Doors,18057.20159867288
TOYOTA Corolla 1.6 16V VVT I SEDAN TERRA COMF 4/5-Doors,16946.266987509392
TOYOTA Corolla 1.4 16V VVT I 5DR TERRA 4/5-Doors,16911.571321089705
TOYOTA Corolla 1.6 16V VVT I 5DR TERRA COMFORT 4/5-Doors,17858.933405791693
TOYOTA Corolla 1.4 16V VVT I SEDAN TERRA COMF 4/5-Doors,17595.596904179325
TOYOTA Corolla 1.6 16V VVT I 5DR TERRA COMFORT 4/5-Doors,17912.814482445265
TOYOTA Corolla 1.6 16V VVT I SEDAN SOL 4/5-Doors,19249.171571565617
TOYOTA Corolla 1.6-16v VVT-i Linea Terra Comfort AIRCO NIEUW 5DRS 4/5-Doors,17837.226787579963
TOYOTA Corolla 1.4 16V VVT I 5DR LUNA 4/5-Doors,19632.008314333085
TOYOTA Corolla 1.6 16V VVT I 5DR TERRA COMFORT 4/5-Doors,19868.09170448193
TOYOTA Corolla 1.6 16V VVT I 5DR EXEC 4/5-Doors,21909.810706346005
TOYOTA Corolla 1.6 VVT-I 5DR LINEA TERRA 4/5-Doors,19494.234753463454
TOYOTA Corolla 1.4 16V VVT I 5DR TERRA COMFORT 4/5-Doors,20538.678467252015
TOYOTA Corolla 1.4 16V 5DR TERRA 4/5-Doors,21150.862944030665
TOYOTA Corolla 1.6-16v VVT-i Linea Terra Comfort NIEUW AIRCO 5drs 4/5-Doors,20412.963823042242
TOYOTA Corolla 1.6 16V VVT I HATCHB TERRA 2/3-Doors,10216.807742194924
TOYOTA Corolla 1.9 D HATCHB TERRA 2/3-Doors,10549.872171431594
TOYOTA Corolla 1.8D 4/5-Doors,11421.357416066876
TOYOTA Corolla 1.6 16V VVT I LIFTB LUNA 4/5-Doors,11312.763675387221
TOYOTA Corolla 2.0 D4D LIFTB SOL 4/5-Doors,12086.493045798228
TOYOTA Corolla 1.6 16V VVT I LIFTB TERRA 4/5-Doors,12321.730803444472
TOYOTA Corolla 1.6 16V VVT I LIFTB LUNA 4/5-Doors,11747.00633570887
TOYOTA Corolla 1.6 16V VVT I LIFTB TERRA 4/5-Doors,11444.744637340127
TOYOTA Corolla 1.6 16V VVT I LIFTB SOL 4/5-Doors,11499.916231471465
TOYOTA Corolla 2.0 D4D LIFTB SOL 4/5-Doors,12503.616482187137
TOYOTA Corolla 1.9 D HATCHB TERRA 2/3-Doors,12237.64590109644
TOYOTA Corolla 1.4 16V VVT I HATCHB TERRA 2/3-Doors,11081.494662264298
TOYOTA Corolla 1.4 16V VVT I HATCHB TERRA 2/3-Doors,11094.756355183656
TOYOTA Corolla 1.6 16V VVT I LIFTB LUNA 4/5-Doors,12347.81809332608
TOYOTA Corolla 1.6 Terra LB 4/5-Doors,11104.63050493116
TOYOTA Corolla 1.6 16V VVT I LIFTB LUNA 4/5-Doors,12042.704861961924
TOYOTA Corolla 1.4 16V VVT I HATCHB TERRA 2/3-Doors,11596.944336377022
TOYOTA Corolla 1.6 16V VVT I HATCHB SOL 2/3-Doors,12002.30387374379
TOYOTA Corolla 1.6 16V VVT I LIFTB SOL AUT4 4/5-Doors,12481.2226783274
TOYOTA Corolla 1.6 VVT-i Linea Sol 4/5-Doors,11917.817372686994
TOYOTA Corolla 1.6 16V VVT I HATCHB SOL 2/3-Doors,11969.879909382948
TOYOTA Corolla 2.0 D4D HATCHB TERRA 2/3-Doors,13362.769484313972
TOYOTA Corolla 1.6 16V VVT I LIFTB LUNA 4/5-Doors,12320.12260942826
TOYOTA Corolla 1.6 16V VVT I LIFTB LUNA 4/5-Doors,12674.52761834331
TOYOTA Corolla 1.6 16V HATCHB LINEA TERRA 2/3-Doors,12467.659295313599
TOYOTA Corolla 1.6 16V VVT I LIFTB TERRA 4/5-Doors,12687.142367067969
TOYOTA Corolla 1.4 16V VVT I HATCHB TERRA 2/3-Doors,12332.169354778996
TOYOTA Corolla 1.4 16V VVT I HATCHB TERRA 2/3-Doors,11404.10512233147
TOYOTA Corolla 1.4 16V VVT I HATCHB TERRA 2/3-Doors,11409.208137634818
TOYOTA Corolla 1.6 16V VVT I LIFTB LUNA 4/5-Doors,12472.226823784082
TOYOTA Corolla 1.6 16V VVT I LIFTB SOL 4/5-Doors,12516.4530730474
TOYOTA Corolla 1.6 16V VVT I HATCHB TERRA 2/3-Doors,12108.21441730182
TOYOTA Corolla 1.6 16V VVT I WAGON TERRA Stationwagen,11968.122306270676
TOYOTA Corolla 1.6 16V VVT I SEDAN TERRA 4/5-Doors,12129.57991732731
TOYOTA Corolla 1.4 16V VVT I LIFTB LUNA 4/5-Doors,12746.410728996587
TOYOTA Corolla 1.6 16V VVT I LIFTB SOL 4/5-Doors,12921.918602320424
TOYOTA Corolla 1.6 16V HATCHB LINEA TERRA 2/3-Doors,11788.954233290524
TOYOTA Corolla 1.6 16V VVT I LIFTB SOL 4/5-Doors,13022.641540999131
TOYOTA Corolla 1.6 16V VVT I HATCHB SOL 2/3-Doors,12435.310484864609
TOYOTA Corolla 1.4 16V VVT I HATCHB TERRA 2/3-Doors,12269.449874516366
TOYOTA Corolla 1.4 16V VVT I LIFTB TERRA 4/5-Doors,12359.601730238031
TOYOTA Corolla 1.6 16V VVT I LIFTB LUNA 4/5-Doors,12707.776462109205
TOYOTA Corolla 1.4 16V VVT I HATCHB TERRA 2/3-Doors,11373.969272697997
TOYOTA Corolla 1.4 16V VVT I LIFTB LUNA 4/5-Doors,12188.158210561987
TOYOTA Corolla 1.6 VVTi Linea terra 4/5-Doors,12681.019259074395
TOYOTA Corolla 1.6 16V VVT I LIFTB LUNA 4/5-Doors,12385.98706721496
TOYOTA Corolla 1.4 16V VVT I HATCHB TERRA 2/3-Doors,11476.131856879752
TOYOTA Corolla 1.6 16V VVT I LIFTB TERRA 4/5-Doors,12304.197564501803
TOYOTA Corolla 1.6I LIFTBACK 4/5-Doors,12808.110246085205
TOYOTA Corolla 1.6 16V VVT I HATCHB TERRA 2/3-Doors,12943.365475605113
TOYOTA Corolla 1.6 16V VVT I LIFTB TERRA 4/5-Doors,12378.325294715336
TOYOTA Corolla 1.4 16V VVT I LIFTB LUNA 4/5-Doors,16094.644328430402
TOYOTA Corolla 1.6 16V VVT I LIFTB SOL 4/5-Doors,13458.30273757558
TOYOTA Corolla 1.6 16V VVT I HATCHB TERRA 2/3-Doors,12575.375930171354
TOYOTA Corolla 1.3 16V LIFTB LINEA TERRA 4/5-Doors,12582.184302433014
TOYOTA Corolla 1.6 16V VVT I LIFTB TERRA 4/5-Doors,13628.743454094096
TOYOTA Corolla 1.4 LB LINEA TERRA 4/5-Doors,13332.971302286895
TOYOTA Corolla 1.4 16V VVT I LIFTB LUNA 4/5-Doors,13140.788674410443
TOYOTA Corolla 1.9 D HATCHB SOL 2/3-Doors,9246.000959462855
TOYOTA Corolla 1.9 D WAGON TERRA Stationwagen,10044.000540442321
TOYOTA Corolla 1.6 16V VVT I WAGON TERRA Stationwagen,9341.329501884871
TOYOTA Corolla 2.0 D4D HATCHB TERRA 2/3-Doors,10422.720986656059
TOYOTA Corolla 1.6 16V VVT I SEDAN TERRA 4/5-Doors,10366.863632335078
TOYOTA Corolla 1.4 16V VVT I HATCHB TERRA 2/3-Doors,9813.416246038616
TOYOTA Corolla 2.0D 4/5-Doors,10255.746631846543
TOYOTA Corolla 1.4 16V VVT I LIFTB TERRA 4/5-Doors,10165.524401323655
TOYOTA Corolla 1.6 16V LIFTB LINEA LUNA 4/5-Doors,10826.789545679714
TOYOTA Corolla 1.4 16V VVT I LIFTB TERRA 4/5-Doors,10730.774155327286
TOYOTA Corolla 1.6 16V VVT I LIFTB SOL 4/5-Doors,10586.499287326566
TOYOTA Corolla 1.9 D LIFTB TERRA 4/5-Doors,10990.408562764833
TOYOTA Corolla 1.3 16V HATCHB LINEA TERRA 2/3-Doors,9629.190904317671
TOYOTA Corolla 1.4 16V VVT I HATCHB TERRA 2/3-Doors,9756.754368776828
TOYOTA Corolla 1.9 D LIFTB TERRA 4/5-Doors,10989.934389819398
TOYOTA Corolla LIFTBACK 1.4 VVT-i LINEA TERRA 4/5-Doors,10220.739818371401
TOYOTA Corolla 1.6 16V VVT I WAGON TERRA Stationwagen,10146.673276415795
TOYOTA Corolla 1.6 16V VVT I HATCHB TERRA 2/3-Doors,9987.587838522924
TOYOTA Corolla 1.6 16V VVT I WAGON TERRA Stationwagen,11110.514558151488
TOYOTA Corolla 1.6 16V VVT I HATCHB TERRA 2/3-Doors,10842.213421497428
TOYOTA Corolla 1.6 16V VVT I HATCHB TERRA AUT4 2/3-Doors,10613.337856956046
TOYOTA Corolla 1.4 VVT-i Linea Sol HB 2/3-Doors,10418.540324896667
TOYOTA Corolla 1.6 16V VVT I LIFTB TERRA 4/5-Doors,10658.84939768512
TOYOTA Corolla 1.6 16V VVT I LIFTB TERRA 4/5-Doors,9996.682380214696
TOYOTA Corolla 1.6 16V VVT I HATCHB TERRA 2/3-Doors,9749.834907630675
TOYOTA Corolla 1.6 16V VVT I LIFTB SOL 4/5-Doors,10957.964998415639
TOYOTA Corolla 1.6 16V VVT I SEDAN TERRA AUT4 4/5-Doors,10317.200500450579
TOYOTA Corolla 1.6 16V VVT I LIFTB SOL 4/5-Doors,10965.976171585384
TOYOTA Corolla 1.6 4/5-Doors,10069.897122771812
TOYOTA Corolla 1.6 16V VVT I SEDAN TERRA 4/5-Doors,10282.227472175811
TOYOTA Corolla 1.6 16V VVT I LIFTB SOL 4/5-Doors,10631.48895213297
TOYOTA Corolla 1.9 D Linea Terra 2/3-Doors,10337.382906615308
TOYOTA Corolla 1.6 16V VVT I HATCHB TERRA 2/3-Doors,10646.33170217939
TOYOTA Corolla 1.4 16V VVT I HATCHB TERRA 2/3-Doors,10148.836216929114
TOYOTA Corolla 1.6 16V WAGON LINEA LUNA Stationwagen,11169.768863743646
TOYOTA Corolla 1.6 16V VVT I HATCHB G6 4/5-Doors,10790.119236738277
TOYOTA Corolla 1.4 16V VVT I LIFTB TERRA 4/5-Doors,10878.866702005693
TOYOTA Corolla 1.4 16V VVT I HATCHB TERRA 2/3-Doors,10196.556902320111
TOYOTA Corolla 1.6 16V VVT I SEDAN TERRA 4/5-Doors,10714.298835042096
TOYOTA Corolla 1.6 SDN LINEA SOL 4/5-Doors,10803.954062740571
TOYOTA Corolla 1.6 16V HATCHB LINEA TERRA 2/3-Doors,10846.627064903587
TOYOTA Corolla 1.6 16V HATCHB S 2/3-Doors,11315.831359966598
TOYOTA Corolla 1.4 16V VVT I HATCHB TERRA 2/3-Doors,9943.996287876616
TOYOTA Corolla 1.6 VVTI Linea Sol Sedan 4/5-Doors,11247.627924271079
TOYOTA Corolla 1.6 16V VVT I LIFTB TERRA 4/5-Doors,10684.920453304288
TOYOTA Corolla 1.4 16V VVT I HATCHB TERRA 2/3-Doors,10325.19108333849
TOYOTA Corolla 1.4 HB LINEA TERRA 2/3-Doors,10802.625058331658
TOYOTA Corolla 1.4 16V VVT I HATCHB TERRA 2/3-Doors,10393.663615090185
TOYOTA Corolla 1.6 16V VVT I HATCHB G6 2/3-Doors,11027.075994150997
TOYOTA Corolla 1.4 16V VVT I HATCHB TERRA 2/3-Doors,10497.91157251104
TOYOTA Corolla 1.6 16V VVT I HATCHB G6 2/3-Doors,11555.989503981926
TOYOTA Corolla LIFTBACK 1.6 Linea terra 4/5-Doors,10531.154031292903
TOYOTA Corolla 1.6 16V VVT I WAGON TERRA Stationwagen,11238.686769479124
TOYOTA Corolla 1.3 16V HATCHB G6 2/3-Doors,11082.528277819405
TOYOTA Corolla 1.4 16V VVT I HATCHB SOL 2/3-Doors,11448.669828899474
TOYOTA Corolla 1.6 Hatchback 2/3-Doors,11049.692577045991
TOYOTA Corolla 1.6 16V VVT I HATCHB G6 4/5-Doors,11584.513583465656
TOYOTA Corolla 1.3 16V LIFTB G6 4/5-Doors,10920.25205090222
TOYOTA Corolla 1.4 16V VVT I HATCHB TERRA 2/3-Doors,10601.27791042079
TOYOTA Corolla 1.4 16V VVT I HATCHB TERRA 2/3-Doors,10632.089031479423
TOYOTA Corolla 1.6 16V VVT I LIFTB TERRA 4/5-Doors,11054.380854247675
TOYOTA Corolla 1.6 16V VVT I WAGON TERRA Stationwagen,11476.462886999801
TOYOTA Corolla 1.6 16V VVT I LIFTB TERRA 4/5-Doors,12017.561572102974
TOYOTA Corolla 1.6 16V HATCHB LINEA TERRA 2/3-Doors,11431.173538850382
TOYOTA Corolla 1.6 16V VVT I LIFTB SOL 4/5-Doors,12081.461538211386
TOYOTA Corolla 1.6 16V VVT I HATCHB G6 2/3-Doors,11968.168194987835
TOYOTA Corolla 1.4 16V VVT I LIFTB TERRA 4/5-Doors,11165.292247594685
TOYOTA Corolla 1.4 16V VVT I HATCHB TERRA 2/3-Doors,11509.02013334621
TOYOTA Corolla 1.4 16V VVT I HATCHB TERRA 2/3-Doors,11635.005326717162
TOYOTA Corolla 2.0 d HB Diesel 2/3-Doors,14749.507155112822
TOYOTA Corolla 1.3 16V SEDAN LINEA TERRA 4/5-Doors,7370.798087248825
TOYOTA Corolla 2.0 DSL SEDAN LINEA TERRA 4/5-Doors,8636.531779522313
TOYOTA Corolla 1.3 16V HATCHB LINEA TERRA 2/3-Doors,7801.3431749710535
TOYOTA Corolla 2.0 DSL HATCHB LINEA LUNA 2/3-Doors,8680.214239211326
TOYOTA Corolla 1.6 16V G6 2/3-Doors,8691.999695381746
TOYOTA Corolla 2.0 DSL HATCHB LINEA TERRA 2/3-Doors,8347.501804975052
TOYOTA Corolla 2.0 DSL HATCHB LINEA TERRA 2/3-Doors,8351.150926609633
TOYOTA Corolla 1.6 16V HATCHB S 2/3-Doors,8454.62129972318
TOYOTA Corolla 2.0D XL Sedan 4/5-Doors,8855.287753005987
TOYOTA Corolla 2.0 DSL SEDAN LINEA TERRA 4/5-Doors,8731.981149340558
TOYOTA Corolla 1.6 VVT-i Linea Terra Comfort 4/5-Doors,8607.731642028288
TOYOTA Corolla 1.6 16V HATCHB G6 2/3-Doors,9314.136876693343
TOYOTA Corolla 1.6 16V SEDAN LINEA TERRA AUT4 4/5-Doors,9041.079700190543
TOYOTA Corolla 1.6 16V SEDAN LINEA TERRA 4/5-Doors,8994.55439199428
TOYOTA Corolla 1.6 G6-R 2/3-Doors,9022.069369787308
TOYOTA Corolla 1.6 16V LIFTB LINEA LUNA 4/5-Doors,9493.638646919588
TOYOTA Corolla 1.6 16V LIFTB LINEA LUNA 4/5-Doors,9137.793303749566
TOYOTA Corolla 1.6 16V SEDAN LINEA TERRA 4/5-Doors,8759.185058194686
TOYOTA Corolla 1.3 16V LIFTB G6 4/5-Doors,8939.248001955068
TOYOTA Corolla 1.3 16V HATCHB LINEA LUNA 2/3-Doors,8880.733825817446
TOYOTA Corolla 1.3 16V HATCHB G6 2/3-Doors,8923.468820059
TOYOTA Corolla 1.6 16V LIFTB LINEA LUNA 4/5-Doors,9206.386229527421
TOYOTA Corolla 2.0 LB LINEA TERRA D 4/5-Doors,9530.328293652521
TOYOTA Corolla 1.6 16V HATCHB G6 2/3-Doors,9159.421234125042
TOYOTA Corolla 1.3 Linea Terra sedan Comf. 4/5-Doors,8286.92768559813
TOYOTA Corolla 1.3 16V HATCHB LINEA TERRA 2/3-Doors,8753.202155149755
TOYOTA Corolla 1.6 16V HATCHB LINEA TERRA 2/3-Doors,8667.706303153835
TOYOTA Corolla 1.6 Linea Terra LB 4/5-Doors,9265.762667378407
TOYOTA Corolla 1.6-16v Linea Terra 2/3-Doors,8679.942853554656
TOYOTA Corolla 1.6 16V WAGON LINEA LUNA Stationwagen,9804.37264572985
TOYOTA Corolla 1.6 16V HATCHB LINEA TERRA 2/3-Doors,9525.736383792471
TOYOTA Corolla 2.0 DSL HATCHB LINEA TERRA 2/3-Doors,9170.104524308355
TOYOTA Corolla 1.6 16V HATCHB LINEA TERRA 2/3-Doors,8898.720817527419
TOYOTA Corolla 1.6 16V LIFTB LINEA LUNA 4/5-Doors,9437.861420270554
TOYOTA Corolla 1.6 Linea Luna Wagon Stationwagen,9458.972290073689
TOYOTA Corolla 1.6 16V SEDAN LINEA LUNA 4/5-Doors,9216.958164603438
TOYOTA Corolla 1.3 16V HATCHB LINEA TERRA 2/3-Doors,8866.494154733575
TOYOTA Corolla 1.3 16V LIFTB LINEA TERRA AUT3 4/5-Doors,9232.4225221943
TOYOTA Corolla 1.6 16V HATCHB LINEA TERRA 2/3-Doors,8955.849493735563
TOYOTA Corolla 1.6 Terra HB 2/3-Doors,9262.730767864476
TOYOTA Corolla 1.6 16V LIFTB LINEA LUNA 4/5-Doors,9447.818744340138
TOYOTA Corolla 1.3 16V HATCHB LINEA TERRA 2/3-Doors,8649.28862900861
TOYOTA Corolla 1.3 16V HATCHB LINEA TERRA 2/3-Doors,8660.253400507672
TOYOTA Corolla 1.6 HB LINEA TERRA 2/3-Doors,9313.630077175625
TOYOTA Corolla 1.6 16V HATCHB G6 2/3-Doors,9432.97944033871
TOYOTA Corolla 1.6 16V SEDAN LINEA TERRA 4/5-Doors,8765.56558983943
TOYOTA Corolla 1.3 HB LINEA TERRA 2/3-Doors,8623.612431020532
TOYOTA Corolla 2.0 D Linea luna Wagon Stationwagen,10087.143788455069
TOYOTA Corolla 1.6 16V LIFTB LINEA TERRA AUT4 4/5-Doors,9610.631529612163
TOYOTA Corolla 1.6 16V SEDAN LINEA TERRA 4/5-Doors,9151.848735123467
TOYOTA Corolla 1.3 16V Linea Terra 2/3-Doors,9015.13783190128
TOYOTA Corolla 1.3 16V HATCHB LINEA LUNA 2/3-Doors,9159.546085599615
TOYOTA Corolla 1.6 16V SEDAN LINEA TERRA 4/5-Doors,8819.115724819661
TOYOTA Corolla 1.3 16V HATCHB LINEA TERRA 2/3-Doors,9034.672722856036
TOYOTA Corolla 2.0 DSL HATCHB LINEA LUNA 2/3-Doors,9600.110564939714
TOYOTA Corolla 1.6 16V LIFTB LINEA LUNA 4/5-Doors,9581.777645727901
TOYOTA Corolla 1.6 16V HATCHB LINEA LUNA AUT4 2/3-Doors,9653.736766083184
TOYOTA Corolla 1.6 16V WAGON LINEA TERRA Stationwagen,10027.886655616738
TOYOTA Corolla 1.6 16V HATCHB LINEA TERRA 2/3-Doors,9777.349560663904
TOYOTA Corolla 1.6 16V HATCHB G6 2/3-Doors,9894.118372586152
TOYOTA Corolla 1.6 16V LIFTB LINEA TERRA 4/5-Doors,9646.215204158734
TOYOTA Corolla 1.3 16V HATCHB LINEA TERRA 2/3-Doors,8721.012025713733
TOYOTA Corolla 1.6 16V HATCHB G6 2/3-Doors,9563.226625422898
TOYOTA Corolla 1.6 16V HATCHB LINEA TERRA 2/3-Doors,8999.440402605578
TOYOTA Corolla 1.3 16V LIFTB LINEA TERRA 4/5-Doors,9248.843181236254
TOYOTA Corolla 1.6 16V LIFTB LINEA LUNA 4/5-Doors,9647.428496852805
TOYOTA Corolla 1.6 16v Linea Luna 2/3-Doors,9583.63864485949
TOYOTA Corolla 1.3 16V LIFTB LINEA TERRA 4/5-Doors,8994.374263758087
TOYOTA Corolla 1.6 16V HATCHB G6 R 2/3-Doors,8854.091515183
TOYOTA Corolla 1.6 16V LIFTB LINEA TERRA 4/5-Doors,9538.959725603705
TOYOTA Corolla 1.3 16V HATCHB LINEA TERRA 2/3-Doors,9144.631491905348
TOYOTA Corolla 1.3 16V HATCHB LINEA TERRA AUT3 2/3-Doors,9025.040334592151
TOYOTA Corolla 1.6 16V HATCHB G6 2/3-Doors,9640.697775826995
TOYOTA Corolla 1.3 16V HATCHB S 2/3-Doors,9174.657511434862
TOYOTA Corolla 1.6 16V LIFTB LINEA TERRA 4/5-Doors,9230.977245942682
TOYOTA Corolla 1.6 16V LIFTB LINEA LUNA 4/5-Doors,9446.586761344675
TOYOTA Corolla LIFTBACK 1.6 Linea Sol 4/5-Doors,9458.984895198504
TOYOTA Corolla 1.3 16V LIFTB LINEA TERRA AUT3 4/5-Doors,9587.405979003477
TOYOTA Corolla 1.6 16V HATCHB LINEA TERRA 2/3-Doors,9489.282455057002
TOYOTA Corolla 1.6 16V HATCHB G6 R 2/3-Doors,8954.433325569411
TOYOTA Corolla 1.3 16V LIFTB LINEA TERRA 4/5-Doors,9098.267505193131
TOYOTA Corolla 1.3 16V HATCHB LINEA TERRA 2/3-Doors,8881.077074932853
TOYOTA Corolla 1.6 Linea Terra Comfort 4/5-Doors,9392.19693105945
TOYOTA Corolla 1.6 16V LIFTB LINEA LUNA 4/5-Doors,10165.670222425733
TOYOTA Corolla 1.3 16V HATCHB LINEA TERRA 2/3-Doors,8974.351239589905
TOYOTA Corolla 1.6 16V HATCHB LINEA TERRA 2/3-Doors,9517.77514737947
TOYOTA Corolla 1.6 VVTi Linea Luna Lift 4/5-Doors,9829.472824311162
TOYOTA Corolla 1.6 16V HATCHB LINEA TERRA 2/3-Doors,8911.876554646433
TOYOTA Corolla 1.6 16V LIFTB LINEA LUNA 4/5-Doors,9552.949241870816
TOYOTA Corolla 1.6 16V HATCHB S 2/3-Doors,9375.135762063224
TOYOTA Corolla 1.3 16V LIFTB LINEA TERRA 4/5-Doors,8825.511885660684
TOYOTA Corolla 1.3 16V HATCHB LINEA TERRA 2/3-Doors,8693.70656130157
TOYOTA Corolla 1.3 16V SEDAN LINEA TERRA 4/5-Doors,9218.926928624867
TOYOTA Corolla 1.3 16V LIFTB LINEA LUNA 4/5-Doors,9374.312775608587
TOYOTA Corolla 1.3 16V LIFTB G6 4/5-Doors,9668.693638688874
TOYOTA Corolla 1.6 16V LIFTB LINEA TERRA 4/5-Doors,9104.666807715786
TOYOTA Corolla 1.6 16V LIFTB LINEA LUNA 4/5-Doors,10273.301343587236
TOYOTA Corolla 1.6 16V HATCHB G6 2/3-Doors,9909.389644431867
TOYOTA Corolla 2/3-Doors,10045.999952692895
TOYOTA Corolla 1.6 16V HATCHB LINEA TERRA 2/3-Doors,9466.552369632329
TOYOTA Corolla 1.6 Linea Luna Aut. 4/5-Doors,9409.86548247707
TOYOTA Corolla 1.6 16V LIFTB LINEA TERRA 4/5-Doors,9826.371492070843
TOYOTA Corolla 1.6 16V LIFTB LINEA TERRA 4/5-Doors,10316.27600293327
TOYOTA Corolla 1.6 16V LIFTB LINEA LUNA 4/5-Doors,9692.40864723253
TOYOTA Corolla 1.6 16V WAGON LINEA TERRA Stationwagen,9959.417365085414
TOYOTA Corolla 1.3 16V LIFTB LINEA LUNA 4/5-Doors,9477.989883006265
TOYOTA Corolla 1.6 16V SEDAN LINEA TERRA 4/5-Doors,9820.34510640456
TOYOTA Corolla 1.6 GTSi HB 2/3-Doors,9137.57705055185
TOYOTA Corolla 1.6 Linea Terra Sedan 4/5-Doors,9676.594026263034
TOYOTA Corolla 1.3 16V HATCHB LINEA TERRA 2/3-Doors,9536.371033493275
TOYOTA Corolla 1.6 16V LIFTB LINEA TERRA 4/5-Doors,10064.795821517564
TOYOTA Corolla 1.6 16V LIFTB LINEA TERRA 4/5-Doors,9965.93544677528
TOYOTA Corolla 1.6 Lin.Terra Aut. 4/5-Doors,9917.778847394133
TOYOTA Corolla 1.6 SD TERRA 4/5-Doors,9349.997673217322
TOYOTA Corolla 1.6 LB Linea Terra 4/5-Doors,9653.190034187459
TOYOTA Corolla 1.3 16V HATCHB G6 2/3-Doors,10172.471033683792
TOYOTA Corolla 1.6 16V LIFTB LINEA LUNA 4/5-Doors,10277.610394938087
TOYOTA Corolla 1.6 16V WAGON LINEA TERRA Stationwagen,10196.047959676922
TOYOTA Corolla 1.6 16V HATCHB G6 R 2/3-Doors,10198.392391864192
TOYOTA Corolla 1.3 16V HATCHB S 2/3-Doors,9354.924499423165
TOYOTA Corolla 1.6 16V LIFTB LINEA LUNA 4/5-Doors,10306.16542451466
TOYOTA Corolla 1.6 SDN LINEA TERRA 4/5-Doors,9254.931918741948
TOYOTA Corolla 1.6 16V HATCHB LINEA TERRA 2/3-Doors,9663.862193031342
TOYOTA Corolla 1.6 16V LIFTB LINEA TERRA 4/5-Doors,10222.531079099195
TOYOTA Corolla 1.3 16V SEDAN LINEA TERRA AUT3 4/5-Doors,9972.777019706273
TOYOTA Corolla 2.0 DSL WAGON LINEA TERRA Stationwagen,7077.586263074137
TOYOTA Corolla 2.0D LINEA TERRA+airco 2/3-Doors,7257.762194747707
TOYOTA Corolla 2.0 DSL SEDAN LINEA TERRA 4/5-Doors,6914.208249551949
TOYOTA Corolla 2.0 DSL SEDAN LINEA TERRA 4/5-Doors,7481.998960830602
TOYOTA Corolla 2.0 DSL HATCHB LINEA TERRA 2/3-Doors,6927.216161397204
TOYOTA Corolla 1.3 16V HATCHB LINEA TERRA 2/3-Doors,6486.5265985727465
TOYOTA Corolla 1.6 16v Linea Terra 4/5-Doors,7700.081497548355
TOYOTA Corolla 2.0D Linea Terra 2/3-Doors,7542.822384107288
TOYOTA Corolla 2.0 DSL LIFTB LINEA LUNA 4/5-Doors,7911.537870305553
TOYOTA Corolla 1.6 16V HATCHB LINEA TERRA 2/3-Doors,7203.361321258759
TOYOTA Corolla 2.0 DSL LIFTB LINEA TERRA 4/5-Doors,7783.60211846636
TOYOTA Corolla 1.6 16V HATCHB LINEA TERRA 2/3-Doors,7327.950724969016
TOYOTA Corolla 1.6 16V HATCHB LINEA TERRA 2/3-Doors,7028.7751686660795
TOYOTA Corolla 1.6 16V LIFTB LINEA TERRA 4/5-Doors,7161.074254208242
TOYOTA Corolla 1.6 16V SEDAN LINEA TERRA 4/5-Doors,7404.45577085559
TOYOTA Corolla 1.6 HATCHBACK 2/3-Doors,7099.428707071095
TOYOTA Corolla 1.6 16V LIFTB LINEA TERRA AUT4 4/5-Doors,8095.291916800777
TOYOTA Corolla 1.3 16V HATCHB S 2/3-Doors,6912.132371733162
TOYOTA Corolla 1.6 Linea Terra / Keuze uit 700 occasions 2/3-Doors,7600.203099725346
TOYOTA Corolla 1.3 16V HATCHB S 2/3-Doors,7236.234632486193
TOYOTA Corolla 1.6 16V SEDAN LINEA TERRA 4/5-Doors,7723.103353745054
TOYOTA Corolla 1.6 16V HATCHB S 2/3-Doors,7445.536138021404
TOYOTA Corolla 1.3 16V HATCHB LINEA TERRA 2/3-Doors,6978.435943133214
TOYOTA Corolla 1.6 16V HATCHB LINEA TERRA 2/3-Doors,7876.242923553124
TOYOTA Corolla 1.6 3D Terra/Comf. 2/3-Doors,7885.052537160061
TOYOTA Corolla 1.6 16V HATCHB S 2/3-Doors,7213.636668749434
TOYOTA Corolla 1.6 16V LIFTB LINEA LUNA AUT4 4/5-Doors,7841.731971472056
TOYOTA Corolla 1.6 16V LIFTB LINEA TERRA 4/5-Doors,7620.821279368727
TOYOTA Corolla 1.3 HB LINEA TERRA 2/3-Doors,7022.371436669985
TOYOTA Corolla 1.6 16V WAGON LINEA TERRA Stationwagen,7895.543610227529
TOYOTA Corolla 1.6 16v Liftback Linea Terra 4/5-Doors,8056.965859393726
TOYOTA Corolla 1.6 LINEA TERRA 4/5-Doors,7412.895028390671
TOYOTA Corolla 1.6 Linea Terra Sedan 4/5-Doors,7773.933570186525
TOYOTA Corolla 1.3 16V HATCHB LINEA TERRA 2/3-Doors,7323.980578702226
TOYOTA Corolla 1.3 16V HATCHB LINEA TERRA 2/3-Doors,7327.365182542817
TOYOTA Corolla 1.6 16V LIFTB LINEA TERRA 4/5-Doors,7690.966963510138
TOYOTA Corolla 1.6 16V HATCHB LINEA TERRA 2/3-Doors,7320.24501156739
TOYOTA Corolla 1.3 Linea Luna Hatchback 2/3-Doors,7154.868974520775
TOYOTA Corolla 1.3 16V HATCHB S 2/3-Doors,7373.9321025556255
TOYOTA Corolla 1.3 16V HATCHB LINEA TERRA 2/3-Doors,7392.368428599115
TOYOTA Corolla 1.3 16V HATCHB LINEA TERRA AUT3 2/3-Doors,7923.160215638848
TOYOTA Corolla 1.3 16V HATCHB LINEA TERRA 2/3-Doors,7395.915001570763
TOYOTA Corolla 1.6 LB LINEA TERRA 4/5-Doors,8039.401465647703
TOYOTA Corolla 1.6 16V LIFTB LINEA LUNA 4/5-Doors,8237.362501417174
TOYOTA Corolla 1.6 16V SEDAN LINEA TERRA 4/5-Doors,7892.452255492974
TOYOTA Corolla 1.3 16V HATCHB LINEA TERRA 2/3-Doors,7431.170894937929
TOYOTA Corolla 1.6 HB LINEA LUNA 2/3-Doors,8743.22897640833
TOYOTA Corolla 2.0 DSL LIFTB LINEA TERRA 4/5-Doors,8663.335696906133
TOYOTA Corolla 1.6 16V HATCHB LINEA TERRA 2/3-Doors,7430.398696984815
TOYOTA Corolla 1.6 16V LIFTB LINEA TERRA 4/5-Doors,7982.21020305543
TOYOTA Corolla 1.6 16V HATCHB LINEA LUNA 2/3-Doors,7897.165468324095
TOYOTA Corolla LIFTBACK 1.6 Linea Terra Liftback 4/5-Doors,8169.974648128873
TOYOTA Corolla 1.6 16V LIFTB LINEA TERRA 4/5-Doors,8269.618273808292
TOYOTA Corolla 1.6 Linea Luna 4/5-Doors,8052.363404147871
TOYOTA Corolla 1.6 16V LIFTB LINEA TERRA 4/5-Doors,8190.529935562271
TOYOTA Corolla 1.6 16V SEDAN LINEA TERRA 4/5-Doors,7409.938506088495
TOYOTA Corolla 1.3 HB LINEA TERRA 2/3-Doors,7299.401520727773
TOYOTA Corolla 1.3 16V HATCHB LINEA TERRA 2/3-Doors,7891.670650762252
TOYOTA Corolla 1.3 16V HATCHB LINEA TERRA 2/3-Doors,7310.048349100691
TOYOTA Corolla 1.3 16V SEDAN LINEA TERRA 4/5-Doors,7968.432989178039
TOYOTA Corolla 1.6 16V LIFTB LINEA TERRA 4/5-Doors,7948.078270400019
TOYOTA Corolla 1.6 16V HATCHB LINEA TERRA 2/3-Doors,7824.665152204664
TOYOTA Corolla 1.3 SDN LINEA TERRA AUT 4/5-Doors,7597.254950525799
TOYOTA Corolla 1.6 16V LIFTB LINEA TERRA 4/5-Doors,7965.704959768785
TOYOTA Corolla 1.6 16V LIFTB LINEA LUNA 4/5-Doors,8438.228910687267
TOYOTA Corolla 1.6 16V HATCHB LINEA TERRA 2/3-Doors,7843.869473789737
TOYOTA Corolla 1.6 16V LIFTB LINEA LUNA 4/5-Doors,8020.508589418472
TOYOTA Corolla 1.6 16V SEDAN LINEA TERRA 4/5-Doors,7759.975530402314
TOYOTA Corolla 1.6 16V HATCHB LINEA TERRA 2/3-Doors,8636.925029971215
TOYOTA Corolla 1.6 16V HATCHB LINEA TERRA 2/3-Doors,8295.628594979875
TOYOTA Corolla 1.6 VVTi Linea terra 2/3-Doors,8201.5621354805
TOYOTA Corolla 1.6 16V WAGON LINEA TERRA Stationwagen,8636.468864912513
TOYOTA Corolla 1.3 16V HATCHB LINEA TERRA AUT3 2/3-Doors,7943.944852785566
TOYOTA Corolla 1.6 16V LIFTB LINEA LUNA 4/5-Doors,8523.20424167545
TOYOTA Corolla 2.0 DSL HATCHB LINEA TERRA 2/3-Doors,8790.667248943473
TOYOTA Corolla 1.6 16V LIFTB LINEA LUNA 4/5-Doors,8526.75321193357
TOYOTA Corolla 1.6 16V LIFTB LINEA LUNA 4/5-Doors,8599.269833273254
TOYOTA Corolla 1.3 16V HATCHB LINEA TERRA 2/3-Doors,7766.351825156614
TOYOTA Corolla 1.6 16V HATCHB LINEA LUNA 2/3-Doors,7997.472561446991
TOYOTA Corolla 1.6 16V SEDAN LINEA TERRA 4/5-Doors,8033.221210742003
TOYOTA Corolla Hatchback 1.6 Terra Comfort 2/3-Doors,7709.71494504646
TOYOTA Corolla 1.6 16V SEDAN LINEA TERRA 4/5-Doors,8649.512776086824
TOYOTA Corolla 1.6 16V HATCHB LINEA TERRA 2/3-Doors,8054.349203375737
TOYOTA Corolla 1.6 16V LIFTB LINEA LUNA 4/5-Doors,8944.139435771327
TOYOTA Corolla 1.6 16V LIFTB LINEA TERRA 4/5-Doors,8297.92773180265
TOYOTA Corolla 1.6 16V SEDAN LINEA TERRA 4/5-Doors,8234.761272398779
TOYOTA Corolla 1.6 16V LIFTB LINEA LUNA 4/5-Doors,8523.207897982003
TOYOTA Corolla 1.6 LB LINEA LUNA 4/5-Doors,9846.813253543343
TOYOTA Corolla 1.6 16V HATCHB LINEA TERRA 2/3-Doors,7759.2855869722
TOYOTA Corolla 1.6 16V WAGON LINEA TERRA Stationwagen,8608.37405278492
TOYOTA Corolla 1.3 16V HATCHB LINEA TERRA 2/3-Doors,7549.299075169646
TOYOTA Corolla 1.3 16V SEDAN LINEA TERRA AUT3 4/5-Doors,8247.904744356285
TOYOTA Corolla 1.3 16V WAGON LINEA TERRA Stationwagen,7796.3994195564355
TOYOTA Corolla 1.3 16V HATCHB G6 2/3-Doors,7896.800139452498
TOYOTA Corolla 1.6 16V LIFTB LINEA LUNA 4/5-Doors,9053.096873706036
TOYOTA Corolla 1.6 LB LINEA TERRA 4/5-Doors,8566.608689026325
TOYOTA Corolla 1.6 16V HATCHB LINEA TERRA 2/3-Doors,7881.479700969112
TOYOTA Corolla 1.3 16V SEDAN LINEA TERRA 4/5-Doors,7805.224569940778
TOYOTA Corolla 1.3 16V LIFTB LINEA TERRA 4/5-Doors,7815.86228274763
TOYOTA Corolla LIFTBACK 1.3i Linea Terra Liftback 4/5-Doors,8105.341341212179
TOYOTA Corolla LIFTBACK 1.6 Linea terra 4/5-Doors,8079.695495242658
TOYOTA Corolla 1.6 16V HATCHB LINEA TERRA 2/3-Doors,8422.6355947329
TOYOTA Corolla 1.3 16V LIFTB LINEA TERRA 4/5-Doors,8224.000335542481
TOYOTA Corolla 1.6 GL LB 4/5-Doors,8605.407135080903
TOYOTA Corolla 1.3 16V SEDAN LINEA TERRA 4/5-Doors,7680.345099289863
TOYOTA Corolla 1.6 16V HATCHB LINEA TERRA 2/3-Doors,8645.548817406449
TOYOTA Corolla 1.6 LB 4/5-Doors,8506.994140923383
TOYOTA Corolla 1.6 Lin.Terra Aut. 2/3-Doors,9267.42480312964
TOYOTA Corolla 1.3 16V HATCHB LINEA TERRA 2/3-Doors,8128.163386452047
TOYOTA Corolla 1.3 Linea Terra 4/5-Doors,9148.745284002014
TOYOTA Corolla 1.3 16V HATCHB LINEA TERRA 2/3-Doors,8198.507654701269
TOYOTA Corolla 1.3 16V HATCHB LINEA TERRA 2/3-Doors,8300.41584063567
